path,accent,number,crema-d predictions,ravdess predictions,tess predictions,combined predictions
german23.mp3,german,23,SAD,DIS,DIS,ANG
english533.mp3,english,533,FEA,DIS,DIS,DIS
spanish159.mp3,spanish,159,FEA,DIS,DIS,ANG
taiwanese1.mp3,taiwanese,1,SAD,DIS,DIS,ANG
malay3.mp3,malay,3,FEA,DIS,DIS,ANG
english360.mp3,english,360,SAD,DIS,DIS,ANG
yiddish1.mp3,yiddish,1,FEA,DIS,DIS,DIS
spanish54.mp3,spanish,54,FEA,DIS,DIS,DIS
arabic51.mp3,arabic,51,SAD,DIS,DIS,ANG
kalanga1.mp3,kalanga,1,FEA,DIS,DIS,ANG
lithuanian2.mp3,lithuanian,2,SAD,DIS,DIS,ANG
russian41.mp3,russian,41,SAD,DIS,DIS,ANG
english389.mp3,english,389,SAD,DIS,DIS,ANG
korean6.mp3,korean,6,FEA,DIS,DIS,ANG
russian38.mp3,russian,38,FEA,DIS,DIS,DIS
arabic22.mp3,arabic,22,FEA,DIS,DIS,DIS
korean33.mp3,korean,33,SAD,DIS,DIS,DIS
arabic15.mp3,arabic,15,FEA,DIS,DIS,ANG
polish29.mp3,polish,29,SAD,DIS,DIS,DIS
mandarin16.mp3,mandarin,16,SAD,DIS,DIS,ANG
dutch42.mp3,dutch,42,SAD,DIS,DIS,DIS
english235.mp3,english,235,SAD,DIS,DIS,DIS
english395.mp3,english,395,FEA,DIS,DIS,ANG
luo2.mp3,luo,2,FEA,DIS,DIS,ANG
english461.mp3,english,461,SAD,DIS,DIS,ANG
mortlockese1.mp3,mortlockese,1,SAD,DIS,DIS,DIS
mizo1.mp3,mizo,1,FEA,DIS,DIS,ANG
english439.mp3,english,439,SAD,DIS,DIS,HAP
pashto2.mp3,pashto,2,FEA,DIS,DIS,ANG
ukrainian11.mp3,ukrainian,11,FEA,DIS,DIS,DIS
english49.mp3,english,49,SAD,DIS,DIS,DIS
english66.mp3,english,66,SAD,DIS,DIS,ANG
french32.mp3,french,32,SAD,DIS,DIS,DIS
ga4.mp3,ga,4,SAD,DIS,DIS,ANG
russian22.mp3,russian,22,SAD,DIS,DIS,DIS
english174.mp3,english,174,SAD,DIS,DIS,ANG
catalan4.mp3,catalan,4,SAD,DIS,DIS,ANG
english346.mp3,english,346,FEA,DIS,DIS,DIS
spanish16.mp3,spanish,16,SAD,DIS,DIS,DIS
korean24.mp3,korean,24,SAD,DIS,DIS,ANG
english420.mp3,english,420,SAD,DIS,DIS,HAP
arabic24.mp3,arabic,24,SAD,DIS,DIS,ANG
synthesized4.mp3,synthesized,4,FEA,DIS,DIS,ANG
kru1.mp3,kru,1,SAD,DIS,DIS,ANG
miskito10.mp3,miskito,10,FEA,DIS,DIS,DIS
russian10.mp3,russian,10,FEA,DIS,DIS,ANG
arabic45.mp3,arabic,45,SAD,DIS,DIS,ANG
arabic14.mp3,arabic,14,FEA,DIS,DIS,DIS
serbian14.mp3,serbian,14,SAD,DIS,DIS,DIS
english358.mp3,english,358,SAD,DIS,DIS,ANG
english144.mp3,english,144,FEA,DIS,DIS,ANG
english404.mp3,english,404,SAD,DIS,DIS,DIS
german12.mp3,german,12,FEA,DIS,DIS,ANG
dutch8.mp3,dutch,8,FEA,DIS,DIS,ANG
taiwanese2.mp3,taiwanese,2,SAD,DIS,DIS,ANG
russian45.mp3,russian,45,SAD,DIS,DIS,ANG
english19.mp3,english,19,SAD,DIS,DIS,DIS
polish14.mp3,polish,14,SAD,DIS,DIS,ANG
mandarin64.mp3,mandarin,64,FEA,DIS,DIS,ANG
english454.mp3,english,454,SAD,DIS,DIS,ANG
mandarin6.mp3,mandarin,6,FEA,DIS,DIS,DIS
macedonian11.mp3,macedonian,11,SAD,DIS,DIS,ANG
polish19.mp3,polish,19,SAD,DIS,DIS,HAP
spanish92.mp3,spanish,92,SAD,DIS,DIS,DIS
english207.mp3,english,207,SAD,DIS,DIS,DIS
dutch37.mp3,dutch,37,SAD,DIS,DIS,ANG
english204.mp3,english,204,FEA,DIS,DIS,ANG
italian29.mp3,italian,29,FEA,DIS,DIS,ANG
english437.mp3,english,437,SAD,DIS,DIS,ANG
english276.mp3,english,276,SAD,DIS,DIS,ANG
malayalam2.mp3,malayalam,2,FEA,DIS,DIS,ANG
mandarin33.mp3,mandarin,33,SAD,DIS,DIS,ANG
french57.mp3,french,57,SAD,DIS,DIS,DIS
azerbaijani3.mp3,azerbaijani,3,SAD,DIS,DIS,ANG
english334.mp3,english,334,FEA,DIS,DIS,ANG
satawalese2.mp3,satawalese,2,FEA,DIS,DIS,DIS
bengali9.mp3,bengali,9,SAD,DIS,DIS,DIS
portuguese38.mp3,portuguese,38,FEA,DIS,DIS,DIS
mandarin34.mp3,mandarin,34,DIS,DIS,DIS,ANG
bulgarian8.mp3,bulgarian,8,SAD,DIS,DIS,ANG
english208.mp3,english,208,SAD,DIS,DIS,DIS
french37.mp3,french,37,SAD,DIS,DIS,DIS
romanian3.mp3,romanian,3,FEA,DIS,DIS,ANG
finnish8.mp3,finnish,8,SAD,DIS,DIS,ANG
english146.mp3,english,146,SAD,DIS,DIS,DIS
english467.mp3,english,467,SAD,DIS,DIS,DIS
romanian11.mp3,romanian,11,FEA,FEA,DIS,ANG
english188.mp3,english,188,FEA,DIS,DIS,ANG
arabic88.mp3,arabic,88,SAD,DIS,DIS,ANG
english115.mp3,english,115,SAD,DIS,DIS,ANG
spanish100.mp3,spanish,100,SAD,DIS,DIS,DIS
ashanti1.mp3,ashanti,1,FEA,DIS,DIS,DIS
english515.mp3,english,515,FEA,DIS,DIS,DIS
tibetan1.mp3,tibetan,1,FEA,DIS,DIS,ANG
spanish40.mp3,spanish,40,SAD,DIS,DIS,DIS
english566.mp3,english,566,SAD,DIS,DIS,ANG
arabic44.mp3,arabic,44,SAD,DIS,DIS,ANG
polish7.mp3,polish,7,FEA,DIS,DIS,DIS
tajiki3.mp3,tajiki,3,SAD,DIS,DIS,ANG
spanish46.mp3,spanish,46,FEA,DIS,DIS,ANG
portuguese31.mp3,portuguese,31,FEA,DIS,DIS,DIS
english82.mp3,english,82,SAD,DIS,DIS,ANG
spanish125.mp3,spanish,125,FEA,DIS,DIS,ANG
spanish19.mp3,spanish,19,SAD,DIS,DIS,DIS
wolof5.mp3,wolof,5,SAD,DIS,DIS,ANG
kurdish5.mp3,kurdish,5,FEA,DIS,DIS,ANG
english444.mp3,english,444,FEA,ANG,DIS,ANG
english385.mp3,english,385,SAD,DIS,DIS,ANG
serbian2.mp3,serbian,2,FEA,DIS,DIS,DIS
spanish76.mp3,spanish,76,SAD,DIS,DIS,ANG
igbo1.mp3,igbo,1,SAD,DIS,DIS,ANG
polish8.mp3,polish,8,SAD,DIS,DIS,ANG
punjabi8.mp3,punjabi,8,SAD,DIS,DIS,ANG
german31.mp3,german,31,SAD,DIS,DIS,ANG
slovenian2.mp3,slovenian,2,FEA,DIS,DIS,ANG
lamotrekese1.mp3,lamotrekese,1,SAD,DIS,DIS,DIS
english463.mp3,english,463,SAD,DIS,DIS,DIS
english70.mp3,english,70,SAD,DIS,DIS,ANG
norwegian5.mp3,norwegian,5,SAD,DIS,DIS,ANG
amharic7.mp3,amharic,7,SAD,DIS,DIS,DIS
polish17.mp3,polish,17,FEA,DIS,DIS,ANG
twi5.mp3,twi,5,SAD,DIS,DIS,ANG
english46.mp3,english,46,SAD,DIS,DIS,ANG
ukrainian5.mp3,ukrainian,5,FEA,DIS,DIS,DIS
kurdish9.mp3,kurdish,9,FEA,DIS,DIS,DIS
english426.mp3,english,426,FEA,DIS,DIS,ANG
hausa5.mp3,hausa,5,FEA,DIS,DIS,ANG
mandarin49.mp3,mandarin,49,FEA,DIS,DIS,ANG
ukrainian4.mp3,ukrainian,4,SAD,DIS,DIS,ANG
tibetan3.mp3,tibetan,3,SAD,DIS,DIS,ANG
english468.mp3,english,468,FEA,DIS,DIS,ANG
french29.mp3,french,29,FEA,DIS,DIS,DIS
bengali2.mp3,bengali,2,SAD,DIS,DIS,ANG
xiang1.mp3,xiang,1,FEA,DIS,DIS,ANG
amharic4.mp3,amharic,4,SAD,DIS,DIS,ANG
english556.mp3,english,556,SAD,DIS,DIS,DIS
spanish87.mp3,spanish,87,FEA,DIS,DIS,ANG
english163.mp3,english,163,SAD,DIS,DIS,DIS
japanese11.mp3,japanese,11,SAD,DIS,DIS,ANG
miskito9.mp3,miskito,9,FEA,DIS,DIS,DIS
korean5.mp3,korean,5,SAD,DIS,DIS,ANG
norwegian2.mp3,norwegian,2,SAD,DIS,DIS,ANG
english452.mp3,english,452,FEA,DIS,DIS,DIS
gujarati5.mp3,gujarati,5,SAD,DIS,DIS,ANG
hindi15.mp3,hindi,15,SAD,DIS,DIS,ANG
arabic71.mp3,arabic,71,SAD,DIS,DIS,ANG
xiang2.mp3,xiang,2,SAD,DIS,DIS,DIS
afrikaans4.mp3,afrikaans,4,FEA,DIS,DIS,ANG
dutch27.mp3,dutch,27,SAD,DIS,DIS,DIS
japanese27.mp3,japanese,27,SAD,DIS,DIS,HAP
miskito2.mp3,miskito,2,SAD,DIS,DIS,DIS
japanese1.mp3,japanese,1,FEA,DIS,DIS,ANG
turkish17.mp3,turkish,17,FEA,DIS,DIS,ANG
hebrew9.mp3,hebrew,9,FEA,DIS,DIS,ANG
spanish109.mp3,spanish,109,FEA,DIS,DIS,DIS
french50.mp3,french,50,SAD,DIS,DIS,DIS
spanish154.mp3,spanish,154,DIS,DIS,DIS,ANG
english18.mp3,english,18,SAD,DIS,DIS,DIS
english137.mp3,english,137,SAD,DIS,DIS,DIS
english250.mp3,english,250,SAD,DIS,DIS,DIS
english448.mp3,english,448,FEA,DIS,DIS,ANG
albanian3.mp3,albanian,3,SAD,DIS,DIS,ANG
english45.mp3,english,45,SAD,DIS,DIS,ANG
hausa2.mp3,hausa,2,FEA,DIS,DIS,ANG
arabic63.mp3,arabic,63,FEA,DIS,DIS,ANG
english323.mp3,english,323,FEA,DIS,DIS,ANG
french27.mp3,french,27,FEA,DIS,DIS,ANG
english291.mp3,english,291,SAD,DIS,DIS,HAP
lithuanian4.mp3,lithuanian,4,SAD,DIS,DIS,ANG
italian13.mp3,italian,13,SAD,DIS,DIS,ANG
spanish121.mp3,spanish,121,FEA,DIS,DIS,ANG
finnish1.mp3,finnish,1,SAD,DIS,DIS,HAP
serbian1.mp3,serbian,1,FEA,DIS,DIS,DIS
english199.mp3,english,199,FEA,DIS,DIS,DIS
english194.mp3,english,194,FEA,DIS,DIS,ANG
polish9.mp3,polish,9,SAD,DIS,DIS,ANG
english85.mp3,english,85,SAD,DIS,DIS,DIS
mandarin52.mp3,mandarin,52,FEA,DIS,DIS,DIS
english377.mp3,english,377,SAD,DIS,DIS,ANG
english392.mp3,english,392,FEA,DIS,DIS,ANG
english483.mp3,english,483,SAD,DIS,DIS,DIS
english386.mp3,english,386,SAD,DIS,DIS,ANG
tagalog13.mp3,tagalog,13,FEA,DIS,DIS,ANG
mandarin13.mp3,mandarin,13,SAD,DIS,DIS,DIS
arabic55.mp3,arabic,55,SAD,DIS,DIS,DIS
arabic64.mp3,arabic,64,FEA,DIS,DIS,DIS
polish24.mp3,polish,24,SAD,DIS,DIS,DIS
english2.mp3,english,2,FEA,DIS,DIS,ANG
english300.mp3,english,300,SAD,DIS,DIS,DIS
english317.mp3,english,317,FEA,DIS,DIS,HAP
english540.mp3,english,540,FEA,DIS,DIS,ANG
english312.mp3,english,312,SAD,DIS,DIS,DIS
urdu1.mp3,urdu,1,SAD,DIS,DIS,ANG
english442.mp3,english,442,SAD,DIS,DIS,ANG
spanish148.mp3,spanish,148,SAD,DIS,DIS,DIS
miskito11.mp3,miskito,11,FEA,DIS,DIS,DIS
arabic74.mp3,arabic,74,SAD,DIS,DIS,ANG
english436.mp3,english,436,SAD,DIS,DIS,ANG
english355.mp3,english,355,SAD,DIS,DIS,DIS
arabic26.mp3,arabic,26,SAD,DIS,DIS,ANG
dutch31.mp3,dutch,31,FEA,DIS,DIS,DIS
mandarin32.mp3,mandarin,32,SAD,DIS,DIS,ANG
italian7.mp3,italian,7,FEA,DIS,DIS,ANG
akan1.mp3,akan,1,FEA,DIS,DIS,ANG
spanish144.mp3,spanish,144,FEA,DIS,DIS,ANG
english345.mp3,english,345,SAD,DIS,DIS,HAP
english260.mp3,english,260,FEA,DIS,DIS,ANG
macedonian3.mp3,macedonian,3,FEA,DIS,DIS,ANG
mandarin36.mp3,mandarin,36,SAD,DIS,DIS,ANG
spanish41.mp3,spanish,41,SAD,FEA,DIS,DIS
english422.mp3,english,422,SAD,DIS,DIS,DIS
german16.mp3,german,16,SAD,DIS,DIS,ANG
yoruba1.mp3,yoruba,1,FEA,DIS,DIS,ANG
polish16.mp3,polish,16,SAD,DIS,DIS,HAP
vietnamese1.mp3,vietnamese,1,FEA,DIS,DIS,ANG
spanish135.mp3,spanish,135,SAD,DIS,DIS,DIS
farsi23.mp3,farsi,23,FEA,DIS,DIS,DIS
english290.mp3,english,290,FEA,DIS,DIS,DIS
english125.mp3,english,125,SAD,DIS,DIS,ANG
mandarin9.mp3,mandarin,9,FEA,FEA,DIS,ANG
macedonian26.mp3,macedonian,26,SAD,DIS,DIS,ANG
amharic2.mp3,amharic,2,FEA,DIS,DIS,ANG
english139.mp3,english,139,FEA,DIS,DIS,DIS
english366.mp3,english,366,FEA,DIS,DIS,ANG
serbian16.mp3,serbian,16,SAD,DIS,DIS,DIS
frisian1.mp3,frisian,1,SAD,DIS,DIS,ANG
russian7.mp3,russian,7,SAD,DIS,DIS,DIS
english398.mp3,english,398,SAD,DIS,DIS,ANG
farsi2.mp3,farsi,2,FEA,DIS,DIS,ANG
german8.mp3,german,8,FEA,DIS,DIS,HAP
arabic73.mp3,arabic,73,SAD,DIS,DIS,DIS
arabic92.mp3,arabic,92,FEA,DIS,DIS,ANG
polish22.mp3,polish,22,SAD,DIS,DIS,ANG
english428.mp3,english,428,SAD,DIS,DIS,ANG
lingala1.mp3,lingala,1,FEA,DIS,DIS,ANG
polish3.mp3,polish,3,SAD,DIS,DIS,DIS
afrikaans5.mp3,afrikaans,5,SAD,DIS,DIS,DIS
korean41.mp3,korean,41,SAD,DIS,DIS,ANG
spanish68.mp3,spanish,68,FEA,DIS,DIS,ANG
english7.mp3,english,7,FEA,DIS,DIS,ANG
french19.mp3,french,19,FEA,DIS,DIS,ANG
hmong1.mp3,hmong,1,FEA,DIS,DIS,DIS
spanish96.mp3,spanish,96,SAD,DIS,DIS,ANG
cebuano1.mp3,cebuano,1,SAD,DIS,DIS,ANG
rundi1.mp3,rundi,1,FEA,DIS,DIS,DIS
portuguese46.mp3,portuguese,46,SAD,DIS,DIS,DIS
mandarin10.mp3,mandarin,10,SAD,DIS,DIS,DIS
serbian11.mp3,serbian,11,FEA,DIS,DIS,DIS
german35.mp3,german,35,FEA,DIS,DIS,ANG
english315.mp3,english,315,SAD,DIS,DIS,ANG
italian2.mp3,italian,2,SAD,DIS,DIS,ANG
english175.mp3,english,175,SAD,DIS,DIS,DIS
german10.mp3,german,10,FEA,DIS,DIS,ANG
portuguese23.mp3,portuguese,23,SAD,DIS,DIS,ANG
english227.mp3,english,227,SAD,DIS,DIS,ANG
english462.mp3,english,462,SAD,DIS,DIS,ANG
cantonese10.mp3,cantonese,10,FEA,DIS,DIS,ANG
korean12.mp3,korean,12,SAD,DIS,DIS,DIS
hakka1.mp3,hakka,1,FEA,DIS,DIS,ANG
english43.mp3,english,43,FEA,DIS,DIS,DIS
yoruba3.mp3,yoruba,3,FEA,DIS,DIS,ANG
cantonese21.mp3,cantonese,21,SAD,DIS,DIS,ANG
spanish33.mp3,spanish,33,SAD,DIS,DIS,DIS
english97.mp3,english,97,SAD,DIS,DIS,ANG
nama1.mp3,nama,1,FEA,DIS,DIS,ANG
serbian13.mp3,serbian,13,SAD,DIS,DIS,ANG
spanish12.mp3,spanish,12,FEA,DIS,DIS,HAP
mandarin60.mp3,mandarin,60,SAD,DIS,DIS,DIS
arabic23.mp3,arabic,23,SAD,DIS,DIS,ANG
japanese25.mp3,japanese,25,FEA,DIS,DIS,ANG
turkish19.mp3,turkish,19,SAD,DIS,DIS,ANG
french55.mp3,french,55,SAD,DIS,DIS,ANG
dutch39.mp3,dutch,39,SAD,DIS,DIS,ANG
english514.mp3,english,514,SAD,DIS,DIS,ANG
cantonese7.mp3,cantonese,7,SAD,DIS,DIS,DIS
italian26.mp3,italian,26,SAD,DIS,DIS,DIS
english507.mp3,english,507,SAD,DIS,DIS,DIS
urdu14.mp3,urdu,14,FEA,DIS,DIS,ANG
turkish27.mp3,turkish,27,FEA,DIS,DIS,HAP
hindi11.mp3,hindi,11,SAD,DIS,DIS,ANG
cantonese13.mp3,cantonese,13,SAD,DIS,DIS,DIS
estonian4.mp3,estonian,4,SAD,DIS,DIS,DIS
french56.mp3,french,56,SAD,DIS,DIS,ANG
english221.mp3,english,221,SAD,DIS,DIS,ANG
english127.mp3,english,127,SAD,DIS,DIS,DIS
french53.mp3,french,53,DIS,DIS,DIS,DIS
temne1.mp3,temne,1,FEA,DIS,DIS,ANG
urdu3.mp3,urdu,3,FEA,DIS,DIS,ANG
quechua2.mp3,quechua,2,SAD,DIS,DIS,ANG
spanish98.mp3,spanish,98,SAD,DIS,DIS,ANG
dutch19.mp3,dutch,19,SAD,DIS,DIS,ANG
spanish21.mp3,spanish,21,SAD,DIS,DIS,ANG
arabic79.mp3,arabic,79,DIS,DIS,DIS,ANG
english203.mp3,english,203,FEA,DIS,DIS,ANG
french26.mp3,french,26,SAD,DIS,DIS,ANG
somali3.mp3,somali,3,SAD,DIS,DIS,ANG
korean40.mp3,korean,40,SAD,DIS,DIS,ANG
portuguese8.mp3,portuguese,8,SAD,DIS,DIS,ANG
spanish82.mp3,spanish,82,SAD,DIS,DIS,ANG
amharic19.mp3,amharic,19,SAD,DIS,DIS,DIS
bamun1.mp3,bamun,1,SAD,DIS,DIS,ANG
vietnamese7.mp3,vietnamese,7,SAD,DIS,DIS,ANG
english516.mp3,english,516,SAD,DIS,DIS,ANG
naxi1.mp3,naxi,1,SAD,DIS,DIS,DIS
english178.mp3,english,178,SAD,DIS,DIS,ANG
bengali13.mp3,bengali,13,FEA,DIS,DIS,DIS
english47.mp3,english,47,FEA,DIS,DIS,ANG
telugu1.mp3,telugu,1,FEA,DIS,DIS,DIS
bavarian2.mp3,bavarian,2,SAD,DIS,DIS,ANG
portuguese10.mp3,portuguese,10,FEA,DIS,DIS,DIS
english109.mp3,english,109,SAD,DIS,DIS,ANG
english284.mp3,english,284,SAD,DIS,DIS,DIS
tagalog4.mp3,tagalog,4,SAD,DIS,DIS,ANG
english51.mp3,english,51,SAD,DIS,DIS,ANG
spanish8.mp3,spanish,8,SAD,DIS,DIS,ANG
tswana1.mp3,tswana,1,FEA,DIS,DIS,ANG
english547.mp3,english,547,SAD,DIS,DIS,ANG
mongolian7.mp3,mongolian,7,FEA,DIS,DIS,DIS
cantonese12.mp3,cantonese,12,SAD,DIS,DIS,ANG
vietnamese9.mp3,vietnamese,9,FEA,DIS,DIS,ANG
english17.mp3,english,17,SAD,DIS,DIS,HAP
faroese1.mp3,faroese,1,SAD,DIS,DIS,DIS
german7.mp3,german,7,SAD,DIS,DIS,DIS
basque2.mp3,basque,2,SAD,DIS,DIS,DIS
english133.mp3,english,133,FEA,DIS,DIS,ANG
portuguese5.mp3,portuguese,5,FEA,DIS,DIS,DIS
portuguese27.mp3,portuguese,27,SAD,DIS,DIS,DIS
basque1.mp3,basque,1,SAD,DIS,DIS,DIS
english60.mp3,english,60,SAD,DIS,DIS,ANG
english38.mp3,english,38,FEA,DIS,DIS,DIS
english509.mp3,english,509,SAD,DIS,DIS,DIS
thai1.mp3,thai,1,SAD,DIS,DIS,ANG
french59.mp3,french,59,FEA,DIS,DIS,DIS
krio6.mp3,krio,6,SAD,DIS,DIS,DIS
norwegian1.mp3,norwegian,1,FEA,DIS,DIS,ANG
portuguese34.mp3,portuguese,34,SAD,DIS,DIS,ANG
mongolian5.mp3,mongolian,5,FEA,FEA,DIS,ANG
hebrew6.mp3,hebrew,6,SAD,DIS,DIS,HAP
english451.mp3,english,451,SAD,DIS,DIS,DIS
thai14.mp3,thai,14,FEA,DIS,DIS,ANG
hungarian9.mp3,hungarian,9,SAD,DIS,DIS,ANG
english152.mp3,english,152,SAD,DIS,DIS,ANG
ganda1.mp3,ganda,1,FEA,DIS,DIS,ANG
spanish62.mp3,spanish,62,SAD,DIS,DIS,ANG
spanish11.mp3,spanish,11,FEA,DIS,DIS,ANG
english228.mp3,english,228,FEA,FEA,DIS,ANG
armenian8.mp3,armenian,8,SAD,DIS,DIS,DIS
japanese7.mp3,japanese,7,SAD,DIS,DIS,DIS
fanti3.mp3,fanti,3,SAD,DIS,DIS,DIS
romanian5.mp3,romanian,5,SAD,DIS,DIS,ANG
bengali14.mp3,bengali,14,FEA,DIS,DIS,ANG
urdu12.mp3,urdu,12,SAD,DIS,DIS,ANG
russian14.mp3,russian,14,SAD,DIS,DIS,DIS
cantonese1.mp3,cantonese,1,FEA,DIS,DIS,ANG
english172.mp3,english,172,SAD,DIS,DIS,ANG
english296.mp3,english,296,SAD,DIS,DIS,DIS
khmer7.mp3,khmer,7,FEA,DIS,DIS,DIS
spanish160.mp3,spanish,160,DIS,DIS,DIS,ANG
danish5.mp3,danish,5,SAD,DIS,DIS,ANG
english402.mp3,english,402,SAD,DIS,DIS,ANG
english264.mp3,english,264,SAD,DIS,DIS,DIS
japanese24.mp3,japanese,24,SAD,DIS,DIS,DIS
russian39.mp3,russian,39,SAD,DIS,DIS,ANG
french39.mp3,french,39,FEA,DIS,DIS,ANG
english98.mp3,english,98,FEA,DIS,DIS,DIS
english524.mp3,english,524,SAD,DIS,DIS,DIS
serbian4.mp3,serbian,4,SAD,DIS,DIS,DIS
french1.mp3,french,1,FEA,DIS,DIS,ANG
turkish15.mp3,turkish,15,SAD,DIS,DIS,FEA
swedish1.mp3,swedish,1,FEA,DIS,DIS,ANG
kiswahili1.mp3,kiswahili,1,SAD,DIS,DIS,HAP
mandarin47.mp3,mandarin,47,SAD,DIS,DIS,ANG
ga3.mp3,ga,3,SAD,DIS,DIS,ANG
farsi1.mp3,farsi,1,FEA,DIS,DIS,ANG
korean17.mp3,korean,17,SAD,DIS,DIS,DIS
english304.mp3,english,304,SAD,DIS,DIS,DIS
bengali16.mp3,bengali,16,FEA,DIS,DIS,ANG
english324.mp3,english,324,FEA,DIS,DIS,DIS
russian25.mp3,russian,25,SAD,DIS,DIS,DIS
polish25.mp3,polish,25,FEA,DIS,DIS,ANG
baga1.mp3,baga,1,SAD,DIS,DIS,ANG
finnish6.mp3,finnish,6,FEA,DIS,DIS,HAP
lao2.mp3,lao,2,FEA,DIS,DIS,ANG
finnish7.mp3,finnish,7,SAD,DIS,DIS,ANG
polish27.mp3,polish,27,SAD,DIS,DIS,HAP
english538.mp3,english,538,SAD,DIS,DIS,ANG
english214.mp3,english,214,FEA,DIS,DIS,ANG
english245.mp3,english,245,SAD,DIS,DIS,DIS
portuguese45.mp3,portuguese,45,HAP,DIS,DIS,DIS
spanish143.mp3,spanish,143,FEA,DIS,DIS,DIS
english522.mp3,english,522,SAD,DIS,DIS,ANG
english34.mp3,english,34,SAD,DIS,DIS,ANG
yupik1.mp3,yupik,1,SAD,DIS,DIS,ANG
malayalam3.mp3,malayalam,3,SAD,DIS,DIS,ANG
finnish5.mp3,finnish,5,SAD,DIS,DIS,ANG
turkish6.mp3,turkish,6,FEA,DIS,DIS,ANG
korean39.mp3,korean,39,FEA,DIS,DIS,ANG
twi6.mp3,twi,6,DIS,FEA,DIS,ANG
spanish142.mp3,spanish,142,SAD,DIS,DIS,DIS
english113.mp3,english,113,SAD,DIS,DIS,ANG
swedish12.mp3,swedish,12,FEA,DIS,DIS,ANG
french28.mp3,french,28,FEA,FEA,DIS,ANG
turkish18.mp3,turkish,18,SAD,DIS,DIS,ANG
english237.mp3,english,237,FEA,DIS,DIS,ANG
greek3.mp3,greek,3,FEA,DIS,DIS,ANG
ukrainian8.mp3,ukrainian,8,FEA,DIS,DIS,ANG
english23.mp3,english,23,SAD,DIS,DIS,DIS
english303.mp3,english,303,SAD,DIS,DIS,DIS
arabic86.mp3,arabic,86,FEA,DIS,DIS,ANG
arabic87.mp3,arabic,87,FEA,DIS,DIS,ANG
garifuna1.mp3,garifuna,1,FEA,DIS,DIS,ANG
hungarian4.mp3,hungarian,4,SAD,DIS,DIS,ANG
armenian4.mp3,armenian,4,SAD,DIS,DIS,ANG
arabic78.mp3,arabic,78,FEA,DIS,DIS,ANG
norwegian4.mp3,norwegian,4,FEA,DIS,DIS,DIS
czech3.mp3,czech,3,FEA,DIS,DIS,ANG
english495.mp3,english,495,SAD,DIS,DIS,DIS
english190.mp3,english,190,SAD,DIS,DIS,DIS
english339.mp3,english,339,SAD,DIS,DIS,DIS
croatian3.mp3,croatian,3,SAD,DIS,DIS,ANG
english416.mp3,english,416,SAD,DIS,DIS,ANG
arabic43.mp3,arabic,43,SAD,DIS,DIS,ANG
albanian5.mp3,albanian,5,FEA,DIS,DIS,ANG
french13.mp3,french,13,FEA,DIS,DIS,DIS
english213.mp3,english,213,SAD,FEA,DIS,ANG
japanese20.mp3,japanese,20,FEA,DIS,DIS,ANG
hungarian3.mp3,hungarian,3,FEA,DIS,DIS,ANG
german36.mp3,german,36,SAD,DIS,DIS,ANG
rotuman2.mp3,rotuman,2,SAD,DIS,DIS,ANG
vietnamese3.mp3,vietnamese,3,SAD,DIS,DIS,DIS
english508.mp3,english,508,SAD,DIS,DIS,DIS
arabic42.mp3,arabic,42,FEA,DIS,DIS,ANG
spanish57.mp3,spanish,57,SAD,DIS,DIS,ANG
korean31.mp3,korean,31,FEA,DIS,DIS,DIS
english75.mp3,english,75,SAD,DIS,DIS,ANG
dutch32.mp3,dutch,32,SAD,DIS,DIS,DIS
english499.mp3,english,499,SAD,DIS,DIS,ANG
quechua1.mp3,quechua,1,SAD,DIS,DIS,DIS
english196.mp3,english,196,FEA,FEA,DIS,ANG
greek7.mp3,greek,7,SAD,DIS,DIS,ANG
english198.mp3,english,198,FEA,DIS,DIS,ANG
portuguese26.mp3,portuguese,26,SAD,DIS,DIS,ANG
bulgarian17.mp3,bulgarian,17,SAD,DIS,DIS,DIS
tigrigna6.mp3,tigrigna,6,SAD,DIS,DIS,ANG
pohnpeian1.mp3,pohnpeian,1,FEA,DIS,DIS,DIS
albanian1.mp3,albanian,1,FEA,DIS,DIS,DIS
vietnamese10.mp3,vietnamese,10,SAD,DIS,DIS,ANG
italian32.mp3,italian,32,SAD,DIS,DIS,DIS
spanish118.mp3,spanish,118,SAD,DIS,DIS,ANG
english501.mp3,english,501,SAD,DIS,DIS,ANG
english295.mp3,english,295,SAD,DIS,DIS,DIS
hindi12.mp3,hindi,12,SAD,DIS,DIS,ANG
urdu9.mp3,urdu,9,SAD,DIS,DIS,ANG
spanish55.mp3,spanish,55,SAD,DIS,DIS,ANG
nepali1.mp3,nepali,1,SAD,DIS,DIS,ANG
cantonese6.mp3,cantonese,6,FEA,DIS,DIS,ANG
mandarin5.mp3,mandarin,5,FEA,DIS,DIS,ANG
tagalog16.mp3,tagalog,16,FEA,DIS,DIS,ANG
telugu2.mp3,telugu,2,SAD,DIS,DIS,ANG
ewe1.mp3,ewe,1,FEA,DIS,DIS,ANG
spanish146.mp3,spanish,146,FEA,DIS,DIS,DIS
uzbek3.mp3,uzbek,3,SAD,DIS,DIS,ANG
english391.mp3,english,391,SAD,DIS,DIS,ANG
arabic76.mp3,arabic,76,SAD,DIS,DIS,ANG
ukrainian6.mp3,ukrainian,6,SAD,DIS,DIS,DIS
cantonese11.mp3,cantonese,11,SAD,DIS,DIS,ANG
english171.mp3,english,171,FEA,DIS,DIS,DIS
vlaams3.mp3,vlaams,3,SAD,DIS,DIS,DIS
spanish106.mp3,spanish,106,SAD,DIS,DIS,DIS
macedonian1.mp3,macedonian,1,SAD,DIS,DIS,ANG
english187.mp3,english,187,SAD,DIS,DIS,DIS
english384.mp3,english,384,SAD,DIS,DIS,ANG
spanish29.mp3,spanish,29,SAD,DIS,DIS,ANG
english337.mp3,english,337,SAD,DIS,DIS,ANG
fijian3.mp3,fijian,3,SAD,FEA,DIS,ANG
japanese9.mp3,japanese,9,SAD,DIS,DIS,DIS
polish21.mp3,polish,21,FEA,DIS,DIS,ANG
swedish13.mp3,swedish,13,SAD,DIS,DIS,ANG
english502.mp3,english,502,FEA,DIS,DIS,ANG
dinka1.mp3,dinka,1,SAD,DIS,DIS,DIS
thai11.mp3,thai,11,SAD,DIS,DIS,DIS
english267.mp3,english,267,FEA,DIS,DIS,ANG
belarusan2.mp3,belarusan,2,FEA,DIS,DIS,ANG
hebrew8.mp3,hebrew,8,FEA,DIS,DIS,DIS
korean52.mp3,korean,52,FEA,DIS,DIS,ANG
english217.mp3,english,217,SAD,DIS,DIS,ANG
arabic83.mp3,arabic,83,SAD,DIS,DIS,DIS
swedish14.mp3,swedish,14,FEA,DIS,DIS,DIS
russian32.mp3,russian,32,SAD,DIS,DIS,DIS
portuguese43.mp3,portuguese,43,SAD,DIS,DIS,ANG
english157.mp3,english,157,SAD,DIS,DIS,ANG
arabic67.mp3,arabic,67,DIS,DIS,DIS,ANG
urdu4.mp3,urdu,4,SAD,DIS,DIS,ANG
bambara1.mp3,bambara,1,SAD,DIS,DIS,ANG
portuguese13.mp3,portuguese,13,FEA,DIS,DIS,ANG
tagalog3.mp3,tagalog,3,FEA,DIS,DIS,DIS
mongolian3.mp3,mongolian,3,SAD,DIS,DIS,ANG
farsi15.mp3,farsi,15,SAD,DIS,DIS,DIS
arabic11.mp3,arabic,11,SAD,DIS,DIS,ANG
yoruba4.mp3,yoruba,4,FEA,DIS,DIS,ANG
english425.mp3,english,425,SAD,DIS,DIS,ANG
english182.mp3,english,182,FEA,DIS,DIS,ANG
english216.mp3,english,216,SAD,DIS,DIS,ANG
japanese15.mp3,japanese,15,FEA,DIS,DIS,DIS
english500.mp3,english,500,FEA,DIS,DIS,DIS
miskito5.mp3,miskito,5,SAD,DIS,DIS,DIS
bulgarian18.mp3,bulgarian,18,SAD,DIS,DIS,DIS
german17.mp3,german,17,SAD,DIS,DIS,ANG
italian14.mp3,italian,14,FEA,DIS,DIS,DIS
arabic28.mp3,arabic,28,FEA,DIS,DIS,ANG
thai13.mp3,thai,13,SAD,DIS,DIS,DIS
korean44.mp3,korean,44,FEA,DIS,DIS,ANG
hungarian7.mp3,hungarian,7,FEA,DIS,DIS,DIS
swedish15.mp3,swedish,15,SAD,DIS,DIS,ANG
cantonese18.mp3,cantonese,18,SAD,DIS,DIS,ANG
arabic97.mp3,arabic,97,FEA,DIS,DIS,ANG
irish1.mp3,irish,1,SAD,DIS,DIS,ANG
dutch43.mp3,dutch,43,FEA,DIS,DIS,HAP
korean16.mp3,korean,16,SAD,DIS,DIS,ANG
kambaata3.mp3,kambaata,3,FEA,DIS,DIS,DIS
thai4.mp3,thai,4,SAD,DIS,DIS,ANG
polish23.mp3,polish,23,SAD,DIS,DIS,ANG
georgian4.mp3,georgian,4,FEA,FEA,DIS,ANG
gusii2.mp3,gusii,2,FEA,DIS,DIS,ANG
english166.mp3,english,166,SAD,DIS,DIS,DIS
english11.mp3,english,11,SAD,DIS,DIS,ANG
fataluku1.mp3,fataluku,1,FEA,FEA,DIS,DIS
english285.mp3,english,285,SAD,DIS,DIS,DIS
russian35.mp3,russian,35,FEA,DIS,DIS,ANG
portuguese12.mp3,portuguese,12,SAD,DIS,DIS,DIS
dutch18.mp3,dutch,18,SAD,DIS,DIS,DIS
english4.mp3,english,4,SAD,DIS,DIS,DIS
english519.mp3,english,519,DIS,DIS,DIS,ANG
malay5.mp3,malay,5,SAD,DIS,DIS,ANG
english242.mp3,english,242,SAD,DIS,DIS,ANG
english539.mp3,english,539,FEA,DIS,DIS,ANG
english162.mp3,english,162,SAD,DIS,DIS,DIS
korean49.mp3,korean,49,SAD,DIS,DIS,ANG
portuguese18.mp3,portuguese,18,SAD,DIS,DIS,ANG
mandarin11.mp3,mandarin,11,SAD,DIS,DIS,ANG
danish6.mp3,danish,6,SAD,DIS,DIS,ANG
english340.mp3,english,340,SAD,DIS,DIS,DIS
portuguese41.mp3,portuguese,41,SAD,DIS,DIS,ANG
spanish122.mp3,spanish,122,FEA,DIS,DIS,ANG
swedish7.mp3,swedish,7,SAD,DIS,DIS,ANG
english91.mp3,english,91,SAD,DIS,DIS,DIS
spanish123.mp3,spanish,123,FEA,DIS,DIS,ANG
amazigh2.mp3,amazigh,2,SAD,DIS,DIS,DIS
pashto6.mp3,pashto,6,FEA,DIS,DIS,ANG
dutch45.mp3,dutch,45,FEA,DIS,DIS,ANG
english286.mp3,english,286,SAD,DIS,DIS,ANG
thai3.mp3,thai,3,FEA,DIS,DIS,ANG
spanish128.mp3,spanish,128,FEA,DIS,DIS,DIS
sicilian1.mp3,sicilian,1,SAD,DIS,DIS,ANG
dutch44.mp3,dutch,44,SAD,DIS,DIS,ANG
swedish4.mp3,swedish,4,SAD,DIS,DIS,DIS
indonesian7.mp3,indonesian,7,FEA,DIS,DIS,ANG
arabic33.mp3,arabic,33,SAD,DIS,DIS,ANG
russian31.mp3,russian,31,SAD,DIS,DIS,ANG
english89.mp3,english,89,FEA,DIS,DIS,HAP
vietnamese8.mp3,vietnamese,8,SAD,DIS,DIS,ANG
english441.mp3,english,441,SAD,DIS,DIS,ANG
english197.mp3,english,197,SAD,DIS,DIS,ANG
polish6.mp3,polish,6,SAD,DIS,DIS,DIS
english181.mp3,english,181,SAD,DIS,DIS,ANG
swedish18.mp3,swedish,18,SAD,DIS,DIS,ANG
tagalog18.mp3,tagalog,18,SAD,DIS,DIS,ANG
romanian9.mp3,romanian,9,SAD,DIS,DIS,ANG
english223.mp3,english,223,SAD,DIS,DIS,DIS
kikuyu3.mp3,kikuyu,3,FEA,DIS,DIS,DIS
english445.mp3,english,445,FEA,DIS,DIS,ANG
german20.mp3,german,20,SAD,DIS,DIS,ANG
french60.mp3,french,60,SAD,DIS,DIS,ANG
indonesian3.mp3,indonesian,3,FEA,DIS,DIS,ANG
italian22.mp3,italian,22,SAD,DIS,DIS,DIS
russian47.mp3,russian,47,SAD,DIS,DIS,ANG
urdu2.mp3,urdu,2,FEA,DIS,DIS,DIS
german4.mp3,german,4,FEA,DIS,DIS,ANG
english150.mp3,english,150,SAD,DIS,DIS,ANG
spanish27.mp3,spanish,27,FEA,DIS,DIS,ANG
portuguese19.mp3,portuguese,19,SAD,DIS,DIS,ANG
english159.mp3,english,159,SAD,DIS,DIS,ANG
serbian8.mp3,serbian,8,FEA,DIS,DIS,ANG
english557.mp3,english,557,SAD,DIS,DIS,ANG
oromo2.mp3,oromo,2,SAD,DIS,DIS,ANG
english281.mp3,english,281,FEA,DIS,DIS,DIS
english504.mp3,english,504,FEA,DIS,DIS,ANG
arabic7.mp3,arabic,7,SAD,DIS,DIS,ANG
pulaar2.mp3,pulaar,2,SAD,DIS,DIS,ANG
amharic14.mp3,amharic,14,SAD,DIS,DIS,DIS
english343.mp3,english,343,SAD,DIS,DIS,ANG
pashto8.mp3,pashto,8,SAD,DIS,DIS,ANG
ebira1.mp3,ebira,1,SAD,DIS,DIS,DIS
romanian13.mp3,romanian,13,FEA,DIS,DIS,ANG
english399.mp3,english,399,FEA,DIS,DIS,ANG
english455.mp3,english,455,SAD,DIS,DIS,ANG
bari2.mp3,bari,2,FEA,DIS,DIS,ANG
english413.mp3,english,413,SAD,DIS,DIS,DIS
taiwanese7.mp3,taiwanese,7,SAD,DIS,DIS,DIS
italian28.mp3,italian,28,SAD,DIS,DIS,DIS
carolinian1.mp3,carolinian,1,FEA,DIS,DIS,DIS
serbian3.mp3,serbian,3,SAD,DIS,DIS,DIS
farsi13.mp3,farsi,13,SAD,DIS,DIS,ANG
english350.mp3,english,350,SAD,DIS,DIS,HAP
portuguese17.mp3,portuguese,17,FEA,DIS,DIS,DIS
spanish133.mp3,spanish,133,SAD,DIS,DIS,ANG
russian5.mp3,russian,5,SAD,DIS,DIS,ANG
spanish3.mp3,spanish,3,SAD,DIS,DIS,ANG
tajiki2.mp3,tajiki,2,SAD,DIS,DIS,ANG
xiang3.mp3,xiang,3,SAD,DIS,DIS,DIS
azerbaijani1.mp3,azerbaijani,1,FEA,DIS,DIS,ANG
english390.mp3,english,390,FEA,DIS,DIS,ANG
marathi1.mp3,marathi,1,SAD,DIS,DIS,HAP
somali2.mp3,somali,2,SAD,DIS,DIS,ANG
english272.mp3,english,272,SAD,DIS,DIS,DIS
english518.mp3,english,518,SAD,DIS,DIS,ANG
khmer4.mp3,khmer,4,FEA,DIS,DIS,ANG
spanish75.mp3,spanish,75,SAD,DIS,DIS,DIS
mandarin51.mp3,mandarin,51,FEA,DIS,DIS,DIS
italian25.mp3,italian,25,SAD,FEA,DIS,ANG
english494.mp3,english,494,SAD,DIS,DIS,DIS
chaldean2.mp3,chaldean,2,FEA,DIS,DIS,ANG
english431.mp3,english,431,FEA,DIS,DIS,ANG
spanish66.mp3,spanish,66,SAD,DIS,DIS,DIS
kannada1.mp3,kannada,1,FEA,DIS,DIS,DIS
nepali8.mp3,nepali,8,SAD,DIS,DIS,DIS
greek14.mp3,greek,14,SAD,DIS,DIS,ANG
arabic47.mp3,arabic,47,SAD,DIS,DIS,ANG
english527.mp3,english,527,SAD,DIS,DIS,ANG
arabic84.mp3,arabic,84,SAD,DIS,DIS,ANG
spanish69.mp3,spanish,69,FEA,DIS,DIS,ANG
korean1.mp3,korean,1,SAD,DIS,DIS,ANG
italian17.mp3,italian,17,FEA,DIS,DIS,DIS
hindi13.mp3,hindi,13,FEA,DIS,DIS,ANG
mandingo1.mp3,mandingo,1,FEA,DIS,DIS,ANG
indonesian6.mp3,indonesian,6,SAD,DIS,DIS,NEU
chichewa1.mp3,chichewa,1,SAD,DIS,DIS,ANG
danish3.mp3,danish,3,SAD,DIS,DIS,ANG
sindhi1.mp3,sindhi,1,FEA,DIS,DIS,DIS
bulgarian6.mp3,bulgarian,6,SAD,DIS,DIS,DIS
english309.mp3,english,309,SAD,DIS,DIS,DIS
spanish13.mp3,spanish,13,FEA,DIS,DIS,ANG
english471.mp3,english,471,FEA,DIS,DIS,ANG
norwegian6.mp3,norwegian,6,SAD,DIS,DIS,DIS
armenian5.mp3,armenian,5,FEA,DIS,DIS,ANG
dutch24.mp3,dutch,24,SAD,DIS,DIS,DIS
hindi16.mp3,hindi,16,SAD,DIS,DIS,ANG
russian2.mp3,russian,2,FEA,DIS,DIS,DIS
english92.mp3,english,92,SAD,DIS,DIS,HAP
portuguese36.mp3,portuguese,36,SAD,DIS,DIS,ANG
arabic12.mp3,arabic,12,SAD,DIS,DIS,ANG
lithuanian3.mp3,lithuanian,3,SAD,DIS,DIS,ANG
english299.mp3,english,299,SAD,DIS,DIS,ANG
tigrigna8.mp3,tigrigna,8,SAD,DIS,DIS,ANG
amharic20.mp3,amharic,20,SAD,DIS,DIS,ANG
italian10.mp3,italian,10,FEA,DIS,DIS,ANG
spanish7.mp3,spanish,7,SAD,DIS,DIS,ANG
english176.mp3,english,176,SAD,DIS,DIS,DIS
mandinka1.mp3,mandinka,1,SAD,DIS,DIS,ANG
korean19.mp3,korean,19,SAD,FEA,DIS,ANG
mandarin20.mp3,mandarin,20,SAD,DIS,DIS,ANG
lao3.mp3,lao,3,SAD,DIS,DIS,ANG
gujarati8.mp3,gujarati,8,SAD,DIS,DIS,ANG
georgian1.mp3,georgian,1,FEA,DIS,DIS,DIS
spanish103.mp3,spanish,103,SAD,DIS,DIS,ANG
english485.mp3,english,485,SAD,DIS,DIS,ANG
punjabi7.mp3,punjabi,7,SAD,DIS,DIS,ANG
icelandic1.mp3,icelandic,1,SAD,DIS,DIS,DIS
portuguese40.mp3,portuguese,40,SAD,DIS,DIS,ANG
spanish101.mp3,spanish,101,SAD,DIS,DIS,ANG
nepali4.mp3,nepali,4,FEA,DIS,DIS,ANG
hindi3.mp3,hindi,3,FEA,DIS,DIS,ANG
malayalam1.mp3,malayalam,1,SAD,DIS,DIS,ANG
english164.mp3,english,164,FEA,DIS,DIS,ANG
uyghur1.mp3,uyghur,1,SAD,DIS,DIS,DIS
french10.mp3,french,10,SAD,DIS,DIS,ANG
english338.mp3,english,338,SAD,DIS,DIS,DIS
english525.mp3,english,525,SAD,DIS,DIS,ANG
hainanese1.mp3,hainanese,1,SAD,DIS,DIS,DIS
mauritian1.mp3,mauritian,1,FEA,DIS,DIS,ANG
arabic53.mp3,arabic,53,FEA,DIS,DIS,DIS
spanish157.mp3,spanish,157,SAD,DIS,DIS,ANG
english368.mp3,english,368,SAD,DIS,DIS,ANG
english55.mp3,english,55,SAD,DIS,DIS,ANG
english130.mp3,english,130,SAD,DIS,DIS,DIS
pashto7.mp3,pashto,7,SAD,FEA,DIS,ANG
wolof1.mp3,wolof,1,SAD,DIS,DIS,ANG
german5.mp3,german,5,FEA,DIS,DIS,DIS
polish31.mp3,polish,31,DIS,DIS,DIS,ANG
spanish152.mp3,spanish,152,SAD,DIS,DIS,DIS
mauritian2.mp3,mauritian,2,SAD,DIS,DIS,ANG
mandarin29.mp3,mandarin,29,SAD,DIS,DIS,ANG
english410.mp3,english,410,SAD,DIS,DIS,DIS
english496.mp3,english,496,FEA,DIS,DIS,DIS
spanish20.mp3,spanish,20,SAD,DIS,DIS,ANG
cantonese4.mp3,cantonese,4,SAD,DIS,DIS,ANG
japanese12.mp3,japanese,12,SAD,DIS,DIS,DIS
macedonian8.mp3,macedonian,8,FEA,DIS,DIS,ANG
cantonese16.mp3,cantonese,16,SAD,DIS,DIS,ANG
spanish63.mp3,spanish,63,SAD,DIS,DIS,DIS
english488.mp3,english,488,SAD,DIS,DIS,DIS
gujarati9.mp3,gujarati,9,SAD,DIS,DIS,HAP
french18.mp3,french,18,SAD,DIS,DIS,DIS
spanish162.mp3,spanish,162,SAD,DIS,DIS,ANG
spanish129.mp3,spanish,129,DIS,DIS,DIS,ANG
english536.mp3,english,536,FEA,DIS,DIS,ANG
portuguese21.mp3,portuguese,21,FEA,DIS,DIS,ANG
turkish4.mp3,turkish,4,FEA,DIS,DIS,ANG
turkish16.mp3,turkish,16,FEA,DIS,DIS,ANG
dutch1.mp3,dutch,1,SAD,DIS,DIS,ANG
english261.mp3,english,261,SAD,DIS,DIS,ANG
indonesian8.mp3,indonesian,8,SAD,DIS,DIS,DIS
bengali3.mp3,bengali,3,SAD,DIS,DIS,ANG
japanese4.mp3,japanese,4,SAD,DIS,DIS,ANG
english248.mp3,english,248,SAD,DIS,DIS,HAP
russian44.mp3,russian,44,FEA,DIS,DIS,DIS
farsi17.mp3,farsi,17,SAD,DIS,DIS,DIS
korean3.mp3,korean,3,SAD,DIS,DIS,DIS
dutch12.mp3,dutch,12,FEA,DIS,DIS,ANG
ibibio3.mp3,ibibio,3,FEA,DIS,DIS,ANG
gedeo1.mp3,gedeo,1,FEA,DIS,DIS,ANG
english329.mp3,english,329,SAD,DIS,DIS,DIS
sardinian1.mp3,sardinian,1,SAD,DIS,DIS,DIS
bulgarian3.mp3,bulgarian,3,SAD,DIS,DIS,ANG
italian20.mp3,italian,20,FEA,DIS,DIS,DIS
english14.mp3,english,14,SAD,DIS,DIS,ANG
english349.mp3,english,349,SAD,DIS,DIS,DIS
english302.mp3,english,302,SAD,DIS,DIS,ANG
english293.mp3,english,293,FEA,DIS,DIS,ANG
cantonese14.mp3,cantonese,14,SAD,DIS,DIS,ANG
turkish33.mp3,turkish,33,SAD,DIS,DIS,ANG
english185.mp3,english,185,SAD,DIS,DIS,ANG
english332.mp3,english,332,SAD,DIS,DIS,DIS
urdu16.mp3,urdu,16,SAD,DIS,DIS,DIS
arabic1.mp3,arabic,1,FEA,DIS,DIS,ANG
turkish8.mp3,turkish,8,SAD,DIS,DIS,ANG
spanish138.mp3,spanish,138,SAD,DIS,DIS,ANG
danish2.mp3,danish,2,FEA,DIS,DIS,ANG
afrikaans2.mp3,afrikaans,2,FEA,DIS,DIS,ANG
fanti1.mp3,fanti,1,SAD,DIS,DIS,ANG
german6.mp3,german,6,SAD,DIS,DIS,ANG
german18.mp3,german,18,SAD,DIS,DIS,DIS
english268.mp3,english,268,SAD,DIS,DIS,ANG
mandarin65.mp3,mandarin,65,FEA,DIS,DIS,DIS
english48.mp3,english,48,SAD,DIS,DIS,DIS
english394.mp3,english,394,FEA,DIS,DIS,ANG
english3.mp3,english,3,SAD,DIS,DIS,ANG
slovenian1.mp3,slovenian,1,SAD,DIS,DIS,ANG
spanish42.mp3,spanish,42,SAD,DIS,DIS,DIS
cantonese20.mp3,cantonese,20,SAD,DIS,DIS,DIS
english403.mp3,english,403,SAD,DIS,DIS,ANG
german24.mp3,german,24,FEA,DIS,DIS,ANG
english542.mp3,english,542,SAD,DIS,DIS,DIS
vietnamese22.mp3,vietnamese,22,SAD,DIS,DIS,ANG
english20.mp3,english,20,SAD,DIS,DIS,ANG
spanish73.mp3,spanish,73,SAD,DIS,DIS,DIS
mandarin25.mp3,mandarin,25,SAD,DIS,DIS,ANG
arabic46.mp3,arabic,46,SAD,DIS,DIS,ANG
cantonese5.mp3,cantonese,5,SAD,DIS,DIS,ANG
spanish86.mp3,spanish,86,FEA,DIS,DIS,ANG
bulgarian9.mp3,bulgarian,9,SAD,DIS,DIS,ANG
english68.mp3,english,68,SAD,DIS,DIS,ANG
sarua1.mp3,sarua,1,SAD,DIS,DIS,DIS
arabic39.mp3,arabic,39,SAD,DIS,DIS,DIS
english369.mp3,english,369,SAD,DIS,DIS,ANG
turkmen1.mp3,turkmen,1,FEA,DIS,DIS,ANG
english287.mp3,english,287,SAD,FEA,DIS,DIS
spanish158.mp3,spanish,158,SAD,DIS,DIS,ANG
dari5.mp3,dari,5,FEA,DIS,DIS,ANG
swedish16.mp3,swedish,16,FEA,DIS,DIS,ANG
sinhala6.mp3,sinhala,6,FEA,DIS,DIS,ANG
shilluk1.mp3,shilluk,1,FEA,DIS,DIS,ANG
german27.mp3,german,27,SAD,DIS,DIS,ANG
icelandic3.mp3,icelandic,3,SAD,DIS,DIS,ANG
hungarian8.mp3,hungarian,8,FEA,DIS,DIS,ANG
kiswahili5.mp3,kiswahili,5,SAD,DIS,DIS,ANG
english193.mp3,english,193,FEA,DIS,DIS,ANG
albanian8.mp3,albanian,8,SAD,DIS,DIS,ANG
vietnamese6.mp3,vietnamese,6,FEA,DIS,DIS,DIS
hausa9.mp3,hausa,9,SAD,DIS,DIS,ANG
portuguese39.mp3,portuguese,39,FEA,DIS,DIS,DIS
french44.mp3,french,44,SAD,DIS,DIS,ANG
taiwanese4.mp3,taiwanese,4,SAD,DIS,DIS,ANG
arabic21.mp3,arabic,21,SAD,DIS,DIS,ANG
english16.mp3,english,16,FEA,DIS,DIS,DIS
nepali5.mp3,nepali,5,SAD,DIS,DIS,DIS
german9.mp3,german,9,SAD,DIS,DIS,DIS
english313.mp3,english,313,FEA,DIS,DIS,DIS
english379.mp3,english,379,SAD,FEA,DIS,ANG
portuguese15.mp3,portuguese,15,SAD,DIS,DIS,DIS
english482.mp3,english,482,SAD,FEA,DIS,ANG
macedonian5.mp3,macedonian,5,FEA,DIS,DIS,ANG
burmese1.mp3,burmese,1,FEA,DIS,DIS,ANG
english555.mp3,english,555,SAD,DIS,DIS,DIS
english357.mp3,english,357,FEA,DIS,DIS,DIS
english370.mp3,english,370,FEA,DIS,DIS,ANG
english330.mp3,english,330,SAD,DIS,DIS,ANG
italian23.mp3,italian,23,SAD,DIS,DIS,DIS
serbian17.mp3,serbian,17,SAD,DIS,DIS,DIS
afrikaans3.mp3,afrikaans,3,FEA,DIS,DIS,ANG
mandarin8.mp3,mandarin,8,SAD,DIS,DIS,ANG
kirghiz1.mp3,kirghiz,1,FEA,DIS,DIS,DIS
polish26.mp3,polish,26,SAD,DIS,DIS,DIS
thai2.mp3,thai,2,SAD,DIS,DIS,DIS
amharic5.mp3,amharic,5,SAD,DIS,DIS,ANG
mandarin53.mp3,mandarin,53,SAD,DIS,DIS,ANG
wolof3.mp3,wolof,3,SAD,DIS,DIS,ANG
dutch28.mp3,dutch,28,SAD,DIS,DIS,DIS
english465.mp3,english,465,SAD,DIS,DIS,ANG
mandarin3.mp3,mandarin,3,FEA,DIS,DIS,ANG
arabic82.mp3,arabic,82,SAD,DIS,DIS,ANG
yiddish4.mp3,yiddish,4,SAD,DIS,DIS,ANG
amharic17.mp3,amharic,17,SAD,DIS,DIS,DIS
spanish22.mp3,spanish,22,SAD,DIS,DIS,ANG
serbian10.mp3,serbian,10,SAD,FEA,DIS,ANG
english532.mp3,english,532,SAD,DIS,DIS,ANG
spanish72.mp3,spanish,72,SAD,DIS,DIS,ANG
gujarati1.mp3,gujarati,1,SAD,DIS,DIS,ANG
english427.mp3,english,427,FEA,DIS,DIS,ANG
english473.mp3,english,473,SAD,DIS,DIS,ANG
macedonian15.mp3,macedonian,15,SAD,DIS,DIS,ANG
english553.mp3,english,553,SAD,DIS,DIS,DIS
english156.mp3,english,156,SAD,DIS,DIS,DIS
cantonese15.mp3,cantonese,15,SAD,DIS,DIS,DIS
arabic10.mp3,arabic,10,SAD,DIS,DIS,DIS
french17.mp3,french,17,SAD,DIS,DIS,ANG
spanish47.mp3,spanish,47,SAD,DIS,DIS,ANG
swedish17.mp3,swedish,17,DIS,DIS,DIS,ANG
mandarin61.mp3,mandarin,61,FEA,DIS,DIS,ANG
sa'a1.mp3,sa'a,1,FEA,DIS,DIS,ANG
japanese5.mp3,japanese,5,SAD,DIS,DIS,DIS
tatar1.mp3,tatar,1,SAD,DIS,DIS,DIS
czech2.mp3,czech,2,SAD,DIS,DIS,ANG
turkish29.mp3,turkish,29,SAD,DIS,DIS,ANG
french25.mp3,french,25,FEA,DIS,DIS,ANG
english289.mp3,english,289,FEA,DIS,DIS,ANG
romanian1.mp3,romanian,1,SAD,DIS,DIS,DIS
english177.mp3,english,177,SAD,DIS,DIS,ANG
english41.mp3,english,41,FEA,DIS,DIS,DIS
french30.mp3,french,30,FEA,DIS,DIS,DIS
english475.mp3,english,475,SAD,DIS,DIS,ANG
dutch46.mp3,dutch,46,SAD,DIS,DIS,DIS
german25.mp3,german,25,SAD,DIS,DIS,ANG
spanish52.mp3,spanish,52,SAD,DIS,DIS,ANG
kikongo2.mp3,kikongo,2,FEA,DIS,DIS,ANG
english407.mp3,english,407,SAD,DIS,DIS,ANG
spanish84.mp3,spanish,84,SAD,DIS,DIS,ANG
english440.mp3,english,440,SAD,DIS,DIS,ANG
ga1.mp3,ga,1,SAD,DIS,DIS,ANG
czech6.mp3,czech,6,SAD,DIS,DIS,DIS
english408.mp3,english,408,FEA,DIS,DIS,ANG
vietnamese19.mp3,vietnamese,19,SAD,DIS,DIS,ANG
english200.mp3,english,200,FEA,DIS,DIS,ANG
spanish149.mp3,spanish,149,FEA,DIS,DIS,ANG
vietnamese2.mp3,vietnamese,2,SAD,DIS,DIS,ANG
english77.mp3,english,77,FEA,DIS,DIS,ANG
english353.mp3,english,353,SAD,DIS,DIS,DIS
spanish137.mp3,spanish,137,SAD,DIS,DIS,ANG
arabic13.mp3,arabic,13,FEA,DIS,DIS,DIS
portuguese6.mp3,portuguese,6,SAD,DIS,DIS,DIS
english232.mp3,english,232,FEA,DIS,DIS,ANG
korean45.mp3,korean,45,SAD,DIS,DIS,HAP
hebrew4.mp3,hebrew,4,FEA,DIS,DIS,HAP
hindi1.mp3,hindi,1,FEA,DIS,DIS,DIS
english336.mp3,english,336,SAD,DIS,DIS,ANG
italian5.mp3,italian,5,FEA,DIS,DIS,DIS
arabic25.mp3,arabic,25,SAD,DIS,DIS,ANG
arabic98.mp3,arabic,98,SAD,DIS,DIS,ANG
arabic58.mp3,arabic,58,FEA,DIS,DIS,ANG
mandarin17.mp3,mandarin,17,FEA,DIS,DIS,ANG
hebrew5.mp3,hebrew,5,FEA,DIS,DIS,ANG
serbian12.mp3,serbian,12,SAD,DIS,DIS,ANG
italian18.mp3,italian,18,FEA,DIS,DIS,ANG
hindi6.mp3,hindi,6,SAD,DIS,DIS,ANG
arabic5.mp3,arabic,5,SAD,DIS,DIS,ANG
russian43.mp3,russian,43,SAD,DIS,DIS,ANG
english506.mp3,english,506,SAD,DIS,DIS,ANG
mongolian6.mp3,mongolian,6,FEA,DIS,DIS,ANG
spanish111.mp3,spanish,111,SAD,DIS,DIS,ANG
hindi10.mp3,hindi,10,SAD,DIS,DIS,ANG
mandarin35.mp3,mandarin,35,SAD,DIS,DIS,ANG
russian28.mp3,russian,28,SAD,DIS,DIS,ANG
swedish20.mp3,swedish,20,FEA,DIS,DIS,DIS
fanti2.mp3,fanti,2,FEA,DIS,DIS,DIS
english351.mp3,english,351,FEA,DIS,DIS,DIS
mankanya1.mp3,mankanya,1,SAD,DIS,DIS,ANG
hindi9.mp3,hindi,9,SAD,DIS,DIS,ANG
nuer1.mp3,nuer,1,SAD,DIS,DIS,DIS
english170.mp3,english,170,SAD,DIS,DIS,ANG
macedonian10.mp3,macedonian,10,SAD,DIS,DIS,ANG
russian34.mp3,russian,34,SAD,DIS,DIS,DIS
dutch16.mp3,dutch,16,SAD,DIS,DIS,HAP
english225.mp3,english,225,FEA,DIS,DIS,DIS
japanese6.mp3,japanese,6,SAD,DIS,DIS,DIS
arabic48.mp3,arabic,48,SAD,DIS,DIS,ANG
spanish140.mp3,spanish,140,SAD,DIS,DIS,DIS
bulgarian7.mp3,bulgarian,7,FEA,DIS,DIS,DIS
amharic3.mp3,amharic,3,FEA,DIS,DIS,DIS
mandarin45.mp3,mandarin,45,DIS,DIS,DIS,ANG
pashto10.mp3,pashto,10,FEA,DIS,DIS,ANG
macedonian14.mp3,macedonian,14,SAD,DIS,DIS,ANG
russian16.mp3,russian,16,SAD,DIS,DIS,ANG
arabic95.mp3,arabic,95,FEA,DIS,DIS,DIS
urdu5.mp3,urdu,5,SAD,DIS,DIS,HAP
english124.mp3,english,124,FEA,DIS,DIS,DIS
portuguese25.mp3,portuguese,25,SAD,DIS,DIS,ANG
english325.mp3,english,325,FEA,DIS,DIS,ANG
english236.mp3,english,236,FEA,FEA,DIS,DIS
english31.mp3,english,31,SAD,DIS,DIS,DIS
agni1.mp3,agni,1,FEA,DIS,DIS,ANG
croatian5.mp3,croatian,5,SAD,DIS,DIS,ANG
indonesian1.mp3,indonesian,1,FEA,DIS,DIS,ANG
serbian5.mp3,serbian,5,FEA,DIS,DIS,ANG
hadiyya2.mp3,hadiyya,2,FEA,DIS,DIS,ANG
english24.mp3,english,24,FEA,DIS,DIS,DIS
azerbaijani2.mp3,azerbaijani,2,SAD,DIS,DIS,ANG
german30.mp3,german,30,FEA,DIS,DIS,ANG
korean25.mp3,korean,25,SAD,DIS,DIS,ANG
miskito4.mp3,miskito,4,SAD,DIS,DIS,DIS
portuguese35.mp3,portuguese,35,SAD,DIS,DIS,HAP
korean34.mp3,korean,34,SAD,DIS,DIS,DIS
farsi9.mp3,farsi,9,FEA,DIS,DIS,ANG
marathi2.mp3,marathi,2,SAD,DIS,DIS,DIS
farsi14.mp3,farsi,14,SAD,DIS,DIS,ANG
english421.mp3,english,421,SAD,DIS,DIS,ANG
cantonese23.mp3,cantonese,23,SAD,DIS,DIS,ANG
arabic61.mp3,arabic,61,SAD,DIS,DIS,NEU
mandarin58.mp3,mandarin,58,SAD,DIS,DIS,ANG
mandarin28.mp3,mandarin,28,SAD,DIS,DIS,DIS
english457.mp3,english,457,FEA,DIS,DIS,ANG
macedonian19.mp3,macedonian,19,FEA,DIS,DIS,ANG
macedonian21.mp3,macedonian,21,SAD,DIS,DIS,ANG
romanian4.mp3,romanian,4,SAD,DIS,DIS,ANG
arabic59.mp3,arabic,59,SAD,DIS,DIS,ANG
english119.mp3,english,119,FEA,DIS,DIS,ANG
english167.mp3,english,167,FEA,DIS,DIS,ANG
mandarin24.mp3,mandarin,24,SAD,DIS,DIS,ANG
english373.mp3,english,373,SAD,DIS,DIS,DIS
turkish22.mp3,turkish,22,SAD,DIS,DIS,DIS
english191.mp3,english,191,SAD,FEA,DIS,ANG
bai1.mp3,bai,1,SAD,DIS,DIS,DIS
english545.mp3,english,545,SAD,DIS,DIS,DIS
spanish45.mp3,spanish,45,FEA,DIS,DIS,ANG
english423.mp3,english,423,SAD,DIS,DIS,DIS
slovak4.mp3,slovak,4,SAD,DIS,DIS,ANG
dutch5.mp3,dutch,5,FEA,DIS,DIS,ANG
thai7.mp3,thai,7,SAD,DIS,DIS,HAP
danish1.mp3,danish,1,SAD,DIS,DIS,ANG
english132.mp3,english,132,SAD,DIS,DIS,ANG
japanese17.mp3,japanese,17,SAD,DIS,DIS,ANG
serbian15.mp3,serbian,15,SAD,DIS,DIS,DIS
macedonian18.mp3,macedonian,18,FEA,DIS,DIS,ANG
kiswahili4.mp3,kiswahili,4,SAD,FEA,DIS,DIS
english523.mp3,english,523,SAD,DIS,DIS,DIS
english22.mp3,english,22,SAD,DIS,DIS,ANG
malayalam4.mp3,malayalam,4,SAD,DIS,DIS,ANG
mandarin41.mp3,mandarin,41,FEA,DIS,DIS,ANG
korean13.mp3,korean,13,SAD,DIS,DIS,DIS
english58.mp3,english,58,SAD,DIS,DIS,ANG
hausa6.mp3,hausa,6,FEA,DIS,DIS,ANG
english359.mp3,english,359,SAD,DIS,DIS,DIS
cantonese3.mp3,cantonese,3,SAD,DIS,DIS,DIS
swedish19.mp3,swedish,19,SAD,DIS,DIS,ANG
krio1.mp3,krio,1,SAD,DIS,DIS,DIS
arabic32.mp3,arabic,32,FEA,DIS,DIS,ANG
english305.mp3,english,305,DIS,FEA,DIS,ANG
spanish24.mp3,spanish,24,SAD,DIS,DIS,ANG
french24.mp3,french,24,SAD,DIS,DIS,HAP
mandarin1.mp3,mandarin,1,FEA,DIS,DIS,ANG
spanish151.mp3,spanish,151,SAD,DIS,DIS,ANG
moore1.mp3,moore,1,SAD,DIS,DIS,ANG
portuguese37.mp3,portuguese,37,SAD,DIS,DIS,ANG
greek5.mp3,greek,5,FEA,DIS,DIS,ANG
korean11.mp3,korean,11,SAD,DIS,DIS,ANG
ukrainian2.mp3,ukrainian,2,SAD,DIS,DIS,ANG
synthesized1.mp3,synthesized,1,SAD,DIS,DIS,ANG
english397.mp3,english,397,SAD,DIS,DIS,ANG
english39.mp3,english,39,SAD,DIS,DIS,DIS
serbian18.mp3,serbian,18,SAD,DIS,DIS,ANG
english210.mp3,english,210,FEA,DIS,DIS,ANG
english238.mp3,english,238,SAD,DIS,DIS,HAP
english12.mp3,english,12,SAD,DIS,DIS,ANG
kurdish2.mp3,kurdish,2,FEA,FEA,DIS,DIS
english417.mp3,english,417,FEA,DIS,DIS,ANG
portuguese32.mp3,portuguese,32,SAD,DIS,DIS,ANG
spanish1.mp3,spanish,1,FEA,DIS,DIS,ANG
japanese18.mp3,japanese,18,SAD,DIS,DIS,ANG
arabic91.mp3,arabic,91,SAD,DIS,DIS,ANG
georgian2.mp3,georgian,2,SAD,DIS,DIS,ANG
english347.mp3,english,347,SAD,DIS,DIS,HAP
english453.mp3,english,453,SAD,DIS,DIS,DIS
english93.mp3,english,93,SAD,DIS,DIS,ANG
mongolian8.mp3,mongolian,8,FEA,DIS,DIS,DIS
mandarin21.mp3,mandarin,21,FEA,DIS,DIS,DIS
arabic41.mp3,arabic,41,SAD,DIS,DIS,DIS
taiwanese5.mp3,taiwanese,5,FEA,DIS,DIS,ANG
french31.mp3,french,31,FEA,DIS,DIS,ANG
english526.mp3,english,526,FEA,DIS,DIS,ANG
french51.mp3,french,51,SAD,DIS,DIS,ANG
bulgarian5.mp3,bulgarian,5,SAD,DIS,DIS,DIS
mandarin4.mp3,mandarin,4,FEA,DIS,DIS,ANG
russian15.mp3,russian,15,SAD,FEA,DIS,ANG
croatian2.mp3,croatian,2,FEA,DIS,DIS,ANG
afrikaans1.mp3,afrikaans,1,FEA,DIS,DIS,ANG
arabic70.mp3,arabic,70,FEA,DIS,DIS,ANG
english108.mp3,english,108,FEA,DIS,DIS,DIS
english131.mp3,english,131,SAD,DIS,DIS,DIS
mandarin42.mp3,mandarin,42,SAD,DIS,DIS,ANG
amharic18.mp3,amharic,18,FEA,DIS,DIS,ANG
english529.mp3,english,529,SAD,DIS,DIS,DIS
turkish2.mp3,turkish,2,FEA,DIS,DIS,ANG
filipino2.mp3,filipino,2,SAD,DIS,DIS,ANG
dutch35.mp3,dutch,35,FEA,DIS,DIS,ANG
georgian5.mp3,georgian,5,SAD,DIS,DIS,DIS
romanian8.mp3,romanian,8,SAD,DIS,DIS,ANG
arabic17.mp3,arabic,17,SAD,DIS,DIS,DIS
nepali7.mp3,nepali,7,SAD,DIS,DIS,DIS
russian46.mp3,russian,46,SAD,DIS,DIS,HAP
english251.mp3,english,251,SAD,DIS,DIS,ANG
korean51.mp3,korean,51,FEA,DIS,DIS,ANG
ga6.mp3,ga,6,SAD,DIS,DIS,ANG
spanish120.mp3,spanish,120,SAD,DIS,DIS,ANG
english63.mp3,english,63,SAD,DIS,DIS,ANG
hindi14.mp3,hindi,14,FEA,DIS,DIS,DIS
korean26.mp3,korean,26,FEA,DIS,DIS,HAP
korean4.mp3,korean,4,DIS,DIS,DIS,DIS
french52.mp3,french,52,SAD,DIS,DIS,DIS
spanish70.mp3,spanish,70,SAD,DIS,DIS,ANG
spanish71.mp3,spanish,71,SAD,FEA,DIS,ANG
hindi2.mp3,hindi,2,FEA,DIS,DIS,ANG
turkish12.mp3,turkish,12,FEA,DIS,DIS,ANG
armenian6.mp3,armenian,6,FEA,DIS,ANG,ANG
punjabi4.mp3,punjabi,4,FEA,DIS,DIS,ANG
english71.mp3,english,71,FEA,DIS,DIS,ANG
english62.mp3,english,62,FEA,DIS,DIS,ANG
korean22.mp3,korean,22,SAD,DIS,DIS,ANG
english520.mp3,english,520,SAD,DIS,DIS,DIS
english472.mp3,english,472,SAD,DIS,DIS,ANG
hausa3.mp3,hausa,3,SAD,DIS,DIS,ANG
moba1.mp3,moba,1,FEA,DIS,DIS,ANG
twi1.mp3,twi,1,FEA,DIS,DIS,ANG
english184.mp3,english,184,SAD,DIS,DIS,DIS
hebrew7.mp3,hebrew,7,SAD,DIS,DIS,ANG
turkish24.mp3,turkish,24,FEA,DIS,DIS,DIS
english497.mp3,english,497,SAD,DIS,DIS,ANG
english333.mp3,english,333,SAD,DIS,DIS,HAP
english543.mp3,english,543,SAD,DIS,DIS,ANG
kurdish4.mp3,kurdish,4,FEA,DIS,DIS,DIS
tamil1.mp3,tamil,1,SAD,DIS,DIS,DIS
dutch41.mp3,dutch,41,SAD,DIS,DIS,DIS
english418.mp3,english,418,SAD,FEA,DIS,DIS
greek4.mp3,greek,4,SAD,DIS,DIS,ANG
spanish31.mp3,spanish,31,FEA,DIS,DIS,ANG
spanish99.mp3,spanish,99,SAD,DIS,DIS,DIS
spanish74.mp3,spanish,74,FEA,DIS,DIS,ANG
spanish35.mp3,spanish,35,FEA,DIS,DIS,DIS
english50.mp3,english,50,SAD,DIS,DIS,ANG
spanish95.mp3,spanish,95,SAD,DIS,DIS,ANG
spanish56.mp3,spanish,56,FEA,DIS,DIS,ANG
taiwanese3.mp3,taiwanese,3,SAD,DIS,DIS,ANG
english575.mp3,english,575,FEA,DIS,DIS,DIS
russian36.mp3,russian,36,FEA,DIS,DIS,ANG
japanese10.mp3,japanese,10,FEA,DIS,DIS,ANG
french34.mp3,french,34,FEA,DIS,DIS,ANG
english105.mp3,english,105,SAD,DIS,DIS,ANG
english279.mp3,english,279,SAD,DIS,DIS,DIS
spanish115.mp3,spanish,115,SAD,DIS,DIS,ANG
nepali6.mp3,nepali,6,SAD,DIS,DIS,ANG
english186.mp3,english,186,SAD,DIS,DIS,DIS
arabic38.mp3,arabic,38,SAD,DIS,DIS,ANG
english365.mp3,english,365,FEA,DIS,DIS,ANG
english165.mp3,english,165,FEA,DIS,DIS,DIS
english568.mp3,english,568,SAD,DIS,DIS,ANG
english271.mp3,english,271,SAD,DIS,DIS,ANG
arabic75.mp3,arabic,75,SAD,DIS,DIS,DIS
english112.mp3,english,112,FEA,DIS,DIS,ANG
spanish43.mp3,spanish,43,FEA,DIS,DIS,ANG
italian3.mp3,italian,3,SAD,DIS,DIS,ANG
japanese19.mp3,japanese,19,FEA,DIS,DIS,ANG
english205.mp3,english,205,SAD,DIS,DIS,DIS
mandarin55.mp3,mandarin,55,SAD,DIS,DIS,DIS
mongolian2.mp3,mongolian,2,FEA,DIS,DIS,ANG
macedonian12.mp3,macedonian,12,FEA,DIS,DIS,ANG
papiamentu1.mp3,papiamentu,1,SAD,DIS,DIS,ANG
macedonian7.mp3,macedonian,7,SAD,DIS,DIS,ANG
english388.mp3,english,388,SAD,DIS,DIS,ANG
arabic57.mp3,arabic,57,SAD,DIS,DIS,ANG
spanish153.mp3,spanish,153,FEA,DIS,DIS,DIS
spanish10.mp3,spanish,10,SAD,DIS,DIS,ANG
english348.mp3,english,348,SAD,DIS,DIS,DIS
arabic3.mp3,arabic,3,SAD,DIS,DIS,ANG
spanish91.mp3,spanish,91,SAD,DIS,DIS,ANG
korean21.mp3,korean,21,FEA,DIS,DIS,ANG
german33.mp3,german,33,FEA,DIS,DIS,DIS
mandarin54.mp3,mandarin,54,FEA,DIS,DIS,ANG
mandarin18.mp3,mandarin,18,SAD,DIS,DIS,ANG
susu1.mp3,susu,1,FEA,DIS,DIS,ANG
spanish132.mp3,spanish,132,SAD,DIS,DIS,ANG
punjabi1.mp3,punjabi,1,SAD,DIS,DIS,ANG
english252.mp3,english,252,SAD,DIS,DIS,DIS
mende3.mp3,mende,3,SAD,DIS,DIS,DIS
english361.mp3,english,361,SAD,DIS,DIS,ANG
english354.mp3,english,354,SAD,DIS,DIS,DIS
english169.mp3,english,169,FEA,DIS,DIS,ANG
arabic90.mp3,arabic,90,DIS,DIS,DIS,HAP
english513.mp3,english,513,FEA,DIS,DIS,DIS
spanish6.mp3,spanish,6,SAD,DIS,DIS,ANG
dutch38.mp3,dutch,38,FEA,DIS,DIS,ANG
english376.mp3,english,376,SAD,DIS,DIS,ANG
turkish25.mp3,turkish,25,FEA,DIS,DIS,DIS
miskito3.mp3,miskito,3,SAD,DIS,DIS,ANG
german19.mp3,german,19,FEA,DIS,DIS,ANG
spanish48.mp3,spanish,48,SAD,DIS,DIS,DIS
romanian18.mp3,romanian,18,SAD,DIS,DIS,ANG
hindko1.mp3,hindko,1,FEA,DIS,DIS,DIS
english342.mp3,english,342,SAD,DIS,DIS,ANG
spanish77.mp3,spanish,77,SAD,DIS,DIS,DIS
pulaar1.mp3,pulaar,1,FEA,DIS,DIS,ANG
spanish23.mp3,spanish,23,FEA,DIS,DIS,ANG
kikuyu1.mp3,kikuyu,1,FEA,FEA,DIS,DIS
english306.mp3,english,306,HAP,DIS,DIS,ANG
xiang4.mp3,xiang,4,SAD,DIS,DIS,DIS
english571.mp3,english,571,SAD,DIS,DIS,ANG
hausa8.mp3,hausa,8,FEA,DIS,DIS,ANG
english406.mp3,english,406,FEA,DIS,DIS,ANG
english10.mp3,english,10,SAD,DIS,DIS,ANG
somali6.mp3,somali,6,FEA,DIS,DIS,ANG
finnish2.mp3,finnish,2,FEA,DIS,DIS,NEU
english27.mp3,english,27,SAD,DIS,DIS,ANG
nepali11.mp3,nepali,11,SAD,DIS,DIS,DIS
yiddish2.mp3,yiddish,2,SAD,DIS,DIS,DIS
english111.mp3,english,111,SAD,DIS,DIS,ANG
bavarian1.mp3,bavarian,1,SAD,DIS,DIS,ANG
arabic40.mp3,arabic,40,SAD,DIS,DIS,ANG
english57.mp3,english,57,SAD,DIS,DIS,ANG
english400.mp3,english,400,SAD,DIS,DIS,ANG
mandarin56.mp3,mandarin,56,FEA,DIS,DIS,ANG
english561.mp3,english,561,SAD,DIS,DIS,DIS
ife1.mp3,ife,1,SAD,DIS,DIS,ANG
english110.mp3,english,110,SAD,DIS,DIS,ANG
kikuyu2.mp3,kikuyu,2,FEA,DIS,DIS,DIS
english320.mp3,english,320,FEA,DIS,DIS,ANG
russian21.mp3,russian,21,SAD,DIS,DIS,ANG
italian19.mp3,italian,19,FEA,DIS,DIS,ANG
french42.mp3,french,42,SAD,DIS,DIS,DIS
zulu1.mp3,zulu,1,SAD,DIS,DIS,DIS
rotuman1.mp3,rotuman,1,FEA,DIS,DIS,ANG
english1.mp3,english,1,SAD,DIS,DIS,ANG
english432.mp3,english,432,SAD,DIS,DIS,ANG
swedish6.mp3,swedish,6,FEA,DIS,DIS,DIS
romanian15.mp3,romanian,15,SAD,DIS,DIS,NEU
portuguese1.mp3,portuguese,1,SAD,DIS,DIS,ANG
thai5.mp3,thai,5,SAD,DIS,DIS,DIS
vietnamese14.mp3,vietnamese,14,DIS,DIS,DIS,ANG
dutch29.mp3,dutch,29,SAD,DIS,DIS,DIS
spanish161.mp3,spanish,161,SAD,DIS,DIS,DIS
english255.mp3,english,255,SAD,DIS,DIS,ANG
english415.mp3,english,415,SAD,DIS,DIS,ANG
english554.mp3,english,554,SAD,DIS,DIS,DIS
arabic18.mp3,arabic,18,FEA,DIS,DIS,ANG
bulgarian10.mp3,bulgarian,10,SAD,DIS,DIS,DIS
burmese2.mp3,burmese,2,SAD,DIS,DIS,ANG
farsi22.mp3,farsi,22,FEA,DIS,DIS,DIS
english44.mp3,english,44,SAD,DIS,DIS,ANG
oriya1.mp3,oriya,1,FEA,DIS,DIS,ANG
croatian7.mp3,croatian,7,SAD,DIS,DIS,ANG
tagalog1.mp3,tagalog,1,FEA,DIS,DIS,ANG
macedonian25.mp3,macedonian,25,FEA,DIS,DIS,ANG
spanish15.mp3,spanish,15,SAD,DIS,DIS,FEA
malay2.mp3,malay,2,SAD,FEA,DIS,ANG
turkish5.mp3,turkish,5,FEA,DIS,DIS,ANG
bosnian3.mp3,bosnian,3,FEA,DIS,DIS,ANG
english121.mp3,english,121,SAD,DIS,DIS,DIS
english318.mp3,english,318,SAD,DIS,DIS,ANG
russian29.mp3,russian,29,SAD,DIS,DIS,DIS
english134.mp3,english,134,SAD,DIS,DIS,DIS
uyghur2.mp3,uyghur,2,SAD,DIS,DIS,ANG
thai6.mp3,thai,6,FEA,DIS,DIS,ANG
indonesian2.mp3,indonesian,2,FEA,DIS,DIS,DIS
korean29.mp3,korean,29,SAD,DIS,DIS,ANG
english78.mp3,english,78,SAD,DIS,DIS,ANG
spanish59.mp3,spanish,59,SAD,DIS,DIS,ANG
urdu8.mp3,urdu,8,SAD,DIS,DIS,DIS
urdu10.mp3,urdu,10,FEA,FEA,DIS,ANG
hausa4.mp3,hausa,4,FEA,DIS,DIS,ANG
kiswahili8.mp3,kiswahili,8,FEA,DIS,DIS,ANG
english120.mp3,english,120,FEA,DIS,DIS,ANG
english579.mp3,english,579,SAD,DIS,DIS,HAP
portuguese9.mp3,portuguese,9,FEA,DIS,DIS,ANG
english405.mp3,english,405,DIS,DIS,DIS,ANG
english37.mp3,english,37,SAD,DIS,DIS,ANG
spanish60.mp3,spanish,60,SAD,DIS,DIS,DIS
russian6.mp3,russian,6,FEA,DIS,DIS,DIS
english294.mp3,english,294,SAD,DIS,DIS,ANG
english396.mp3,english,396,SAD,DIS,DIS,ANG
pashto9.mp3,pashto,9,SAD,DIS,DIS,ANG
english477.mp3,english,477,SAD,DIS,DIS,ANG
english352.mp3,english,352,FEA,DIS,DIS,ANG
tamil3.mp3,tamil,3,SAD,DIS,DIS,DIS
arabic102.mp3,arabic,102,FEA,DIS,DIS,DIS
english517.mp3,english,517,SAD,DIS,DIS,ANG
french62.mp3,french,62,SAD,DIS,DIS,ANG
english243.mp3,english,243,SAD,DIS,DIS,ANG
english474.mp3,english,474,FEA,DIS,DIS,ANG
bosnian6.mp3,bosnian,6,SAD,DIS,DIS,DIS
english155.mp3,english,155,FEA,DIS,DIS,ANG
english274.mp3,english,274,SAD,DIS,DIS,DIS
french20.mp3,french,20,SAD,DIS,DIS,SAD
tagalog12.mp3,tagalog,12,FEA,DIS,DIS,ANG
lithuanian5.mp3,lithuanian,5,SAD,DIS,DIS,DIS
turkish1.mp3,turkish,1,SAD,DIS,DIS,ANG
romanian19.mp3,romanian,19,SAD,DIS,DIS,DIS
polish5.mp3,polish,5,FEA,DIS,DIS,DIS
arabic77.mp3,arabic,77,SAD,DIS,DIS,ANG
english87.mp3,english,87,SAD,DIS,DIS,ANG
bosnian1.mp3,bosnian,1,FEA,DIS,DIS,ANG
ngemba2.mp3,ngemba,2,FEA,DIS,DIS,ANG
japanese3.mp3,japanese,3,SAD,DIS,DIS,ANG
english74.mp3,english,74,SAD,DIS,DIS,DIS
xasonga1.mp3,xasonga,1,SAD,DIS,DIS,ANG
spanish65.mp3,spanish,65,SAD,DIS,DIS,DIS
croatian8.mp3,croatian,8,SAD,DIS,DIS,DIS
french12.mp3,french,12,SAD,DIS,DIS,ANG
turkish13.mp3,turkish,13,SAD,DIS,DIS,ANG
french38.mp3,french,38,SAD,DIS,DIS,DIS
taishan1.mp3,taishan,1,SAD,DIS,DIS,DIS
amharic16.mp3,amharic,16,FEA,DIS,DIS,DIS
arabic96.mp3,arabic,96,FEA,DIS,DIS,ANG
fijian2.mp3,fijian,2,FEA,DIS,DIS,ANG
hungarian2.mp3,hungarian,2,SAD,DIS,DIS,HAP
dutch30.mp3,dutch,30,SAD,DIS,DIS,ANG
korean23.mp3,korean,23,SAD,DIS,DIS,ANG
english141.mp3,english,141,SAD,DIS,DIS,NEU
romanian10.mp3,romanian,10,SAD,DIS,DIS,ANG
oriya2.mp3,oriya,2,SAD,DIS,DIS,ANG
miskito1.mp3,miskito,1,FEA,DIS,DIS,DIS
spanish102.mp3,spanish,102,SAD,DIS,DIS,ANG
english215.mp3,english,215,SAD,DIS,DIS,ANG
tigrigna1.mp3,tigrigna,1,SAD,DIS,DIS,DIS
nepali2.mp3,nepali,2,FEA,DIS,DIS,ANG
italian12.mp3,italian,12,FEA,DIS,DIS,ANG
english54.mp3,english,54,SAD,DIS,DIS,DIS
korean37.mp3,korean,37,SAD,DIS,DIS,ANG
turkish31.mp3,turkish,31,FEA,DIS,DIS,ANG
arabic72.mp3,arabic,72,SAD,DIS,DIS,DIS
english29.mp3,english,29,FEA,DIS,DIS,ANG
luxembourgeois1.mp3,luxembourgeois,1,SAD,DIS,DIS,ANG
swedish10.mp3,swedish,10,FEA,DIS,DIS,DIS
arabic49.mp3,arabic,49,FEA,DIS,DIS,ANG
latvian1.mp3,latvian,1,SAD,DIS,DIS,ANG
estonian2.mp3,estonian,2,FEA,DIS,DIS,ANG
japanese13.mp3,japanese,13,FEA,DIS,DIS,DIS
farsi20.mp3,farsi,20,SAD,DIS,DIS,DIS
catalan1.mp3,catalan,1,FEA,DIS,DIS,ANG
cantonese17.mp3,cantonese,17,SAD,DIS,DIS,ANG
arabic65.mp3,arabic,65,SAD,DIS,DIS,ANG
russian26.mp3,russian,26,SAD,DIS,DIS,ANG
portuguese20.mp3,portuguese,20,FEA,DIS,DIS,ANG
english478.mp3,english,478,FEA,DIS,DIS,DIS
chaldean1.mp3,chaldean,1,FEA,DIS,DIS,ANG
english551.mp3,english,551,SAD,DIS,DIS,ANG
japanese26.mp3,japanese,26,SAD,DIS,DIS,ANG
dutch13.mp3,dutch,13,FEA,DIS,DIS,DIS
english492.mp3,english,492,SAD,DIS,DIS,ANG
mandarin57.mp3,mandarin,57,FEA,DIS,DIS,ANG
mandarin46.mp3,mandarin,46,FEA,DIS,DIS,ANG
belarusan3.mp3,belarusan,3,SAD,DIS,DIS,DIS
greek6.mp3,greek,6,SAD,DIS,DIS,ANG
turkish36.mp3,turkish,36,FEA,DIS,DIS,ANG
amharic6.mp3,amharic,6,SAD,DIS,DIS,ANG
kurdish8.mp3,kurdish,8,SAD,DIS,DIS,DIS
english28.mp3,english,28,SAD,DIS,DIS,DIS
albanian4.mp3,albanian,4,FEA,DIS,DIS,ANG
english168.mp3,english,168,SAD,DIS,DIS,DIS
greek1.mp3,greek,1,SAD,DIS,DIS,ANG
serbian6.mp3,serbian,6,FEA,DIS,DIS,DIS
spanish58.mp3,spanish,58,FEA,DIS,DIS,DIS
english549.mp3,english,549,DIS,DIS,DIS,ANG
lao1.mp3,lao,1,SAD,DIS,DIS,ANG
english135.mp3,english,135,FEA,DIS,DIS,DIS
russian37.mp3,russian,37,SAD,DIS,DIS,ANG
synthesized3.mp3,synthesized,3,FEA,DIS,DIS,ANG
spanish34.mp3,spanish,34,FEA,DIS,DIS,ANG
hebrew1.mp3,hebrew,1,SAD,DIS,DIS,DIS
luo1.mp3,luo,1,SAD,DIS,DIS,DIS
english563.mp3,english,563,FEA,DIS,DIS,DIS
synthesized2.mp3,synthesized,2,FEA,DIS,DIS,ANG
italian24.mp3,italian,24,SAD,DIS,DIS,ANG
farsi16.mp3,farsi,16,SAD,DIS,DIS,DIS
english189.mp3,english,189,FEA,DIS,DIS,ANG
english209.mp3,english,209,SAD,FEA,DIS,ANG
croatian1.mp3,croatian,1,SAD,DIS,DIS,ANG
russian18.mp3,russian,18,FEA,DIS,DIS,DIS
arabic56.mp3,arabic,56,FEA,DIS,DIS,ANG
english356.mp3,english,356,SAD,DIS,DIS,ANG
english363.mp3,english,363,SAD,DIS,DIS,DIS
turkish3.mp3,turkish,3,FEA,DIS,DIS,ANG
serbian7.mp3,serbian,7,SAD,DIS,DIS,ANG
english552.mp3,english,552,SAD,DIS,DIS,ANG
malay1.mp3,malay,1,FEA,DIS,DIS,DIS
romanian6.mp3,romanian,6,SAD,FEA,DIS,ANG
hungarian6.mp3,hungarian,6,FEA,FEA,DIS,ANG
russian3.mp3,russian,3,SAD,DIS,DIS,DIS
japanese16.mp3,japanese,16,FEA,DIS,DIS,ANG
english211.mp3,english,211,FEA,DIS,DIS,DIS
spanish37.mp3,spanish,37,SAD,DIS,DIS,ANG
swedish2.mp3,swedish,2,SAD,DIS,DIS,DIS
macedonian16.mp3,macedonian,16,SAD,DIS,DIS,ANG
tagalog2.mp3,tagalog,2,FEA,DIS,DIS,ANG
polish28.mp3,polish,28,SAD,DIS,DIS,DIS
english511.mp3,english,511,FEA,DIS,DIS,ANG
english36.mp3,english,36,FEA,DIS,DIS,DIS
kiswahili9.mp3,kiswahili,9,FEA,DIS,DIS,ANG
bengali1.mp3,bengali,1,FEA,DIS,DIS,ANG
polish20.mp3,polish,20,SAD,DIS,DIS,DIS
english42.mp3,english,42,SAD,DIS,DIS,ANG
twi4.mp3,twi,4,SAD,DIS,DIS,DIS
dutch21.mp3,dutch,21,SAD,DIS,DIS,DIS
english67.mp3,english,67,SAD,DIS,DIS,ANG
english26.mp3,english,26,SAD,DIS,DIS,DIS
english195.mp3,english,195,SAD,DIS,DIS,ANG
tagalog8.mp3,tagalog,8,SAD,DIS,DIS,DIS
finnish3.mp3,finnish,3,FEA,DIS,DIS,ANG
english79.mp3,english,79,SAD,DIS,DIS,ANG
english269.mp3,english,269,SAD,DIS,DIS,ANG
spanish134.mp3,spanish,134,SAD,DIS,DIS,ANG
portuguese24.mp3,portuguese,24,FEA,DIS,DIS,ANG
english541.mp3,english,541,SAD,DIS,DIS,DIS
english275.mp3,english,275,FEA,DIS,DIS,ANG
russian33.mp3,russian,33,SAD,DIS,DIS,ANG
russian13.mp3,russian,13,SAD,DIS,DIS,DIS
english226.mp3,english,226,SAD,DIS,DIS,ANG
english95.mp3,english,95,FEA,DIS,DIS,DIS
english114.mp3,english,114,SAD,DIS,DIS,DIS
albanian6.mp3,albanian,6,SAD,DIS,DIS,DIS
dutch7.mp3,dutch,7,SAD,DIS,DIS,ANG
bosnian4.mp3,bosnian,4,SAD,DIS,DIS,ANG
kikuyu4.mp3,kikuyu,4,SAD,DIS,DIS,DIS
bosnian2.mp3,bosnian,2,SAD,DIS,DIS,DIS
italian33.mp3,italian,33,FEA,DIS,DIS,DIS
arabic66.mp3,arabic,66,FEA,DIS,DIS,DIS
arabic27.mp3,arabic,27,FEA,DIS,DIS,ANG
mandarin7.mp3,mandarin,7,FEA,DIS,DIS,ANG
english573.mp3,english,573,FEA,DIS,DIS,DIS
uzbek1.mp3,uzbek,1,SAD,DIS,DIS,ANG
amharic8.mp3,amharic,8,SAD,DIS,DIS,DIS
english100.mp3,english,100,FEA,DIS,DIS,ANG
croatian4.mp3,croatian,4,SAD,DIS,DIS,ANG
spanish141.mp3,spanish,141,SAD,DIS,DIS,ANG
portuguese16.mp3,portuguese,16,SAD,DIS,DIS,DIS
dutch10.mp3,dutch,10,FEA,DIS,DIS,DIS
french45.mp3,french,45,SAD,DIS,DIS,DIS
bengali4.mp3,bengali,4,SAD,DIS,DIS,ANG
spanish18.mp3,spanish,18,FEA,DIS,DIS,ANG
spanish32.mp3,spanish,32,FEA,DIS,DIS,ANG
mandarin62.mp3,mandarin,62,SAD,DIS,DIS,ANG
english249.mp3,english,249,HAP,FEA,DIS,DIS
hungarian5.mp3,hungarian,5,FEA,DIS,DIS,ANG
punjabi6.mp3,punjabi,6,FEA,DIS,DIS,ANG
english578.mp3,english,578,FEA,DIS,DIS,ANG
english572.mp3,english,572,FEA,DIS,DIS,DIS
spanish28.mp3,spanish,28,SAD,DIS,DIS,ANG
bosnian8.mp3,bosnian,8,SAD,DIS,DIS,ANG
czech9.mp3,czech,9,FEA,DIS,DIS,ANG
italian30.mp3,italian,30,SAD,DIS,DIS,ANG
oromo3.mp3,oromo,3,SAD,FEA,DIS,ANG
cantonese9.mp3,cantonese,9,SAD,DIS,DIS,ANG
english375.mp3,english,375,SAD,DIS,DIS,ANG
turkish35.mp3,turkish,35,SAD,DIS,DIS,ANG
polish1.mp3,polish,1,FEA,DIS,DIS,DIS
punjabi9.mp3,punjabi,9,FEA,DIS,DIS,DIS
macedonian2.mp3,macedonian,2,FEA,DIS,DIS,ANG
english458.mp3,english,458,SAD,DIS,DIS,DIS
english266.mp3,english,266,FEA,DIS,DIS,ANG
somali1.mp3,somali,1,SAD,DIS,DIS,ANG
amazigh1.mp3,amazigh,1,FEA,DIS,DIS,ANG
hindi5.mp3,hindi,5,SAD,DIS,DIS,ANG
spanish2.mp3,spanish,2,SAD,DIS,DIS,ANG
english314.mp3,english,314,SAD,DIS,DIS,DIS
kambaata2.mp3,kambaata,2,SAD,DIS,DIS,ANG
korean20.mp3,korean,20,SAD,DIS,DIS,ANG
korean10.mp3,korean,10,FEA,DIS,DIS,ANG
nepali10.mp3,nepali,10,FEA,DIS,DIS,ANG
english160.mp3,english,160,SAD,DIS,DIS,DIS
english311.mp3,english,311,FEA,DIS,DIS,ANG
miskito7.mp3,miskito,7,FEA,DIS,DIS,DIS
bosnian5.mp3,bosnian,5,SAD,DIS,DIS,ANG
english466.mp3,english,466,FEA,DIS,DIS,DIS
gan1.mp3,gan,1,FEA,DIS,DIS,ANG
english310.mp3,english,310,SAD,DIS,DIS,ANG
mongolian1.mp3,mongolian,1,SAD,DIS,DIS,DIS
english241.mp3,english,241,FEA,DIS,DIS,ANG
tamil6.mp3,tamil,6,SAD,FEA,DIS,ANG
portuguese11.mp3,portuguese,11,FEA,DIS,DIS,ANG
italian1.mp3,italian,1,SAD,DIS,DIS,DIS
english414.mp3,english,414,SAD,DIS,DIS,DIS
korean9.mp3,korean,9,FEA,DIS,DIS,ANG
english484.mp3,english,484,SAD,DIS,DIS,NEU
korean15.mp3,korean,15,FEA,DIS,DIS,ANG
portuguese3.mp3,portuguese,3,SAD,DIS,DIS,ANG
polish18.mp3,polish,18,SAD,DIS,DIS,ANG
spanish127.mp3,spanish,127,SAD,DIS,DIS,ANG
english498.mp3,english,498,FEA,DIS,DIS,DIS
english101.mp3,english,101,FEA,DIS,DIS,DIS
french63.mp3,french,63,SAD,DIS,DIS,DIS
korean18.mp3,korean,18,FEA,DIS,DIS,ANG
spanish119.mp3,spanish,119,SAD,DIS,DIS,DIS
nepali9.mp3,nepali,9,FEA,DIS,DIS,DIS
french33.mp3,french,33,FEA,DIS,DIS,ANG
arabic16.mp3,arabic,16,SAD,DIS,DIS,ANG
turkish14.mp3,turkish,14,SAD,DIS,DIS,HAP
mandarin40.mp3,mandarin,40,FEA,DIS,DIS,ANG
portuguese33.mp3,portuguese,33,SAD,DIS,DIS,ANG
maltese1.mp3,maltese,1,FEA,DIS,DIS,ANG
mandarin27.mp3,mandarin,27,SAD,DIS,DIS,HAP
khmer1.mp3,khmer,1,FEA,DIS,DIS,DIS
arabic19.mp3,arabic,19,FEA,DIS,DIS,ANG
english257.mp3,english,257,SAD,DIS,DIS,ANG
albanian9.mp3,albanian,9,FEA,DIS,DIS,ANG
english412.mp3,english,412,DIS,DIS,DIS,ANG
french11.mp3,french,11,FEA,DIS,DIS,ANG
spanish17.mp3,spanish,17,SAD,DIS,DIS,ANG
ukrainian10.mp3,ukrainian,10,SAD,DIS,DIS,ANG
japanese22.mp3,japanese,22,FEA,DIS,DIS,DIS
georgian3.mp3,georgian,3,SAD,FEA,DIS,ANG
english149.mp3,english,149,SAD,DIS,DIS,DIS
lithuanian1.mp3,lithuanian,1,FEA,DIS,DIS,DIS
bulgarian2.mp3,bulgarian,2,FEA,DIS,DIS,DIS
dari1.mp3,dari,1,SAD,DIS,DIS,DIS
bengali8.mp3,bengali,8,SAD,DIS,DIS,ANG
turkish20.mp3,turkish,20,SAD,DIS,DIS,ANG
vietnamese21.mp3,vietnamese,21,FEA,DIS,DIS,ANG
arabic30.mp3,arabic,30,FEA,DIS,DIS,ANG
macedonian4.mp3,macedonian,4,FEA,DIS,DIS,ANG
french41.mp3,french,41,SAD,DIS,DIS,ANG
english247.mp3,english,247,SAD,DIS,DIS,DIS
vietnamese18.mp3,vietnamese,18,SAD,DIS,DIS,DIS
tigrigna3.mp3,tigrigna,3,SAD,DIS,DIS,ANG
korean7.mp3,korean,7,SAD,DIS,DIS,DIS
english433.mp3,english,433,FEA,DIS,DIS,DIS
edo1.mp3,edo,1,SAD,DIS,DIS,DIS
bengali17.mp3,bengali,17,SAD,DIS,DIS,HAP
spanish112.mp3,spanish,112,SAD,DIS,DIS,DIS
bambara2.mp3,bambara,2,FEA,DIS,DIS,ANG
spanish53.mp3,spanish,53,SAD,DIS,DIS,DIS
bulgarian4.mp3,bulgarian,4,FEA,DIS,DIS,ANG
arabic93.mp3,arabic,93,SAD,DIS,DIS,ANG
greek2.mp3,greek,2,FEA,DIS,DIS,ANG
uzbek2.mp3,uzbek,2,SAD,DIS,DIS,DIS
mandarin19.mp3,mandarin,19,FEA,DIS,DIS,ANG
ga2.mp3,ga,2,SAD,DIS,DIS,DIS
mandarin31.mp3,mandarin,31,SAD,DIS,DIS,DIS
bosnian9.mp3,bosnian,9,SAD,DIS,DIS,ANG
dutch22.mp3,dutch,22,SAD,DIS,DIS,DIS
arabic6.mp3,arabic,6,FEA,DIS,DIS,ANG
german2.mp3,german,2,SAD,DIS,DIS,ANG
russian17.mp3,russian,17,SAD,DIS,DIS,ANG
pashto4.mp3,pashto,4,SAD,DIS,DIS,ANG
turkish23.mp3,turkish,23,SAD,DIS,DIS,DIS
english40.mp3,english,40,SAD,DIS,DIS,ANG
uzbek4.mp3,uzbek,4,SAD,DIS,DIS,DIS
dari4.mp3,dari,4,SAD,DIS,DIS,DIS
english69.mp3,english,69,SAD,DIS,DIS,ANG
tigrigna7.mp3,tigrigna,7,FEA,DIS,DIS,DIS
hausa7.mp3,hausa,7,SAD,DIS,DIS,ANG
english326.mp3,english,326,FEA,DIS,DIS,DIS
english192.mp3,english,192,SAD,DIS,DIS,DIS
amharic10.mp3,amharic,10,SAD,DIS,DIS,DIS
english5.mp3,english,5,SAD,DIS,DIS,ANG
french9.mp3,french,9,SAD,DIS,DIS,DIS
english464.mp3,english,464,SAD,DIS,DIS,ANG
vietnamese13.mp3,vietnamese,13,SAD,DIS,DIS,ANG
mandarin44.mp3,mandarin,44,FEA,DIS,DIS,ANG
bengali7.mp3,bengali,7,SAD,DIS,DIS,ANG
ngemba1.mp3,ngemba,1,FEA,DIS,DIS,ANG
spanish61.mp3,spanish,61,SAD,DIS,DIS,ANG
dutch14.mp3,dutch,14,FEA,DIS,DIS,ANG
russian11.mp3,russian,11,DIS,DIS,DIS,ANG
mandarin2.mp3,mandarin,2,SAD,DIS,DIS,ANG
spanish105.mp3,spanish,105,SAD,DIS,DIS,ANG
armenian3.mp3,armenian,3,SAD,DIS,DIS,ANG
macedonian6.mp3,macedonian,6,FEA,DIS,DIS,DIS
japanese21.mp3,japanese,21,FEA,DIS,DIS,DIS
english393.mp3,english,393,SAD,DIS,DIS,ANG
english253.mp3,english,253,FEA,DIS,DIS,DIS
bulgarian11.mp3,bulgarian,11,SAD,DIS,DIS,ANG
english52.mp3,english,52,SAD,DIS,DIS,ANG
mandarin50.mp3,mandarin,50,FEA,DIS,DIS,ANG
english521.mp3,english,521,SAD,DIS,DIS,ANG
bambara5.mp3,bambara,5,FEA,DIS,DIS,ANG
turkish30.mp3,turkish,30,SAD,DIS,DIS,DIS
english574.mp3,english,574,FEA,DIS,DIS,ANG
krio5.mp3,krio,5,FEA,DIS,DIS,DIS
tagalog6.mp3,tagalog,6,FEA,DIS,DIS,DIS
sesotho1.mp3,sesotho,1,SAD,DIS,DIS,ANG
vietnamese20.mp3,vietnamese,20,SAD,DIS,DIS,DIS
english103.mp3,english,103,SAD,DIS,DIS,ANG
kiswahili2.mp3,kiswahili,2,SAD,DIS,DIS,SAD
english487.mp3,english,487,SAD,DIS,DIS,DIS
cantonese19.mp3,cantonese,19,FEA,DIS,DIS,ANG
english229.mp3,english,229,SAD,DIS,DIS,ANG
french21.mp3,french,21,SAD,DIS,DIS,DIS
urdu15.mp3,urdu,15,SAD,DIS,DIS,ANG
english476.mp3,english,476,SAD,FEA,DIS,ANG
spanish124.mp3,spanish,124,SAD,DIS,DIS,ANG
vietnamese17.mp3,vietnamese,17,SAD,DIS,DIS,ANG
punjabi10.mp3,punjabi,10,FEA,DIS,DIS,DIS
german1.mp3,german,1,FEA,DIS,DIS,ANG
english491.mp3,english,491,SAD,DIS,DIS,ANG
albanian2.mp3,albanian,2,SAD,DIS,DIS,ANG
vlaams4.mp3,vlaams,4,SAD,DIS,DIS,DIS
kazakh1.mp3,kazakh,1,FEA,DIS,DIS,ANG
spanish89.mp3,spanish,89,FEA,DIS,DIS,DIS
russian19.mp3,russian,19,SAD,DIS,DIS,ANG
kiswahili7.mp3,kiswahili,7,FEA,DIS,DIS,ANG
english456.mp3,english,456,FEA,DIS,DIS,DIS
korean30.mp3,korean,30,SAD,DIS,DIS,DIS
english570.mp3,english,570,SAD,DIS,DIS,DIS
english142.mp3,english,142,FEA,DIS,DIS,DIS
hungarian1.mp3,hungarian,1,SAD,DIS,DIS,ANG
arabic89.mp3,arabic,89,SAD,DIS,DIS,ANG
english382.mp3,english,382,FEA,DIS,DIS,ANG
bulgarian16.mp3,bulgarian,16,SAD,DIS,DIS,DIS
english481.mp3,english,481,SAD,DIS,DIS,ANG
japanese14.mp3,japanese,14,FEA,DIS,DIS,ANG
bulgarian13.mp3,bulgarian,13,SAD,DIS,DIS,DIS
french43.mp3,french,43,FEA,DIS,DIS,ANG
arabic85.mp3,arabic,85,FEA,DIS,DIS,ANG
somali5.mp3,somali,5,SAD,DIS,DIS,ANG
dutch33.mp3,dutch,33,FEA,DIS,DIS,DIS
taiwanese8.mp3,taiwanese,8,SAD,DIS,DIS,DIS
shona2.mp3,shona,2,FEA,DIS,DIS,ANG
english129.mp3,english,129,FEA,DIS,DIS,ANG
cantonese8.mp3,cantonese,8,SAD,DIS,DIS,HAP
english224.mp3,english,224,FEA,DIS,DIS,DIS
ibibio1.mp3,ibibio,1,SAD,DIS,DIS,ANG
tagalog14.mp3,tagalog,14,SAD,DIS,DIS,ANG
english387.mp3,english,387,SAD,DIS,DIS,ANG
bengali15.mp3,bengali,15,FEA,DIS,DIS,ANG
spanish114.mp3,spanish,114,SAD,DIS,DIS,ANG
swedish3.mp3,swedish,3,FEA,DIS,DIS,ANG
english218.mp3,english,218,FEA,DIS,DIS,HAP
nepali3.mp3,nepali,3,FEA,DIS,DIS,ANG
english447.mp3,english,447,SAD,DIS,DIS,DIS
dutch15.mp3,dutch,15,SAD,DIS,DIS,DIS
yakut1.mp3,yakut,1,FEA,DIS,DIS,DIS
krio3.mp3,krio,3,SAD,DIS,DIS,ANG
italian6.mp3,italian,6,SAD,DIS,DIS,ANG
spanish14.mp3,spanish,14,FEA,DIS,DIS,HAP
gujarati4.mp3,gujarati,4,FEA,DIS,DIS,ANG
vlaams1.mp3,vlaams,1,SAD,DIS,DIS,DIS
mandarin30.mp3,mandarin,30,SAD,DIS,DIS,DIS
korean2.mp3,korean,2,SAD,DIS,DIS,ANG
greek9.mp3,greek,9,SAD,DIS,DIS,DIS
arabic2.mp3,arabic,2,SAD,DIS,DIS,ANG
german26.mp3,german,26,FEA,DIS,DIS,ANG
english265.mp3,english,265,FEA,SAD,DIS,ANG
farsi12.mp3,farsi,12,SAD,DIS,DIS,ANG
english126.mp3,english,126,SAD,DIS,DIS,DIS
spanish117.mp3,spanish,117,SAD,DIS,DIS,DIS
czech5.mp3,czech,5,SAD,DIS,DIS,ANG
filipino1.mp3,filipino,1,SAD,DIS,DIS,ANG
kiswahili6.mp3,kiswahili,6,FEA,DIS,DIS,ANG
english239.mp3,english,239,FEA,DIS,DIS,DIS
danish7.mp3,danish,7,SAD,DIS,DIS,ANG
english493.mp3,english,493,SAD,DIS,DIS,DIS
english505.mp3,english,505,SAD,DIS,DIS,ANG
mandarin43.mp3,mandarin,43,SAD,DIS,DIS,ANG
norwegian3.mp3,norwegian,3,SAD,DIS,DIS,ANG
armenian7.mp3,armenian,7,SAD,DIS,DIS,ANG
thai9.mp3,thai,9,SAD,DIS,DIS,DIS
english84.mp3,english,84,SAD,DIS,DIS,DIS
tagalog10.mp3,tagalog,10,FEA,DIS,DIS,DIS
farsi7.mp3,farsi,7,SAD,DIS,DIS,ANG
english528.mp3,english,528,SAD,DIS,DIS,DIS
spanish81.mp3,spanish,81,SAD,DIS,DIS,ANG
french7.mp3,french,7,FEA,DIS,DIS,ANG
arabic34.mp3,arabic,34,SAD,DIS,DIS,ANG
arabic101.mp3,arabic,101,SAD,DIS,DIS,ANG
kazakh2.mp3,kazakh,2,FEA,DIS,DIS,DIS
kanuri1.mp3,kanuri,1,SAD,DIS,DIS,ANG
english201.mp3,english,201,SAD,DIS,DIS,ANG
english435.mp3,english,435,SAD,DIS,DIS,ANG
arabic99.mp3,arabic,99,DIS,DIS,DIS,ANG
english61.mp3,english,61,SAD,DIS,DIS,ANG
spanish130.mp3,spanish,130,SAD,DIS,DIS,ANG
english123.mp3,english,123,SAD,DIS,DIS,DIS
french36.mp3,french,36,SAD,DIS,DIS,HAP
french2.mp3,french,2,FEA,DIS,DIS,ANG
nepali13.mp3,nepali,13,DIS,DIS,DIS,ANG
french22.mp3,french,22,SAD,DIS,DIS,DIS
turkish7.mp3,turkish,7,SAD,DIS,DIS,ANG
portuguese48.mp3,portuguese,48,FEA,DIS,DIS,ANG
french40.mp3,french,40,SAD,DIS,DIS,ANG
slovak2.mp3,slovak,2,FEA,DIS,DIS,ANG
spanish108.mp3,spanish,108,FEA,DIS,DIS,DIS
english96.mp3,english,96,SAD,DIS,DIS,DIS
english335.mp3,english,335,FEA,DIS,DIS,ANG
tigrigna4.mp3,tigrigna,4,SAD,DIS,DIS,ANG
ga5.mp3,ga,5,SAD,DIS,DIS,DIS
german11.mp3,german,11,SAD,DIS,DIS,HAP
english380.mp3,english,380,FEA,FEA,DIS,ANG
italian27.mp3,italian,27,FEA,DIS,DIS,DIS
portuguese47.mp3,portuguese,47,FEA,DIS,DIS,ANG
arabic29.mp3,arabic,29,SAD,DIS,DIS,ANG
yiddish5.mp3,yiddish,5,FEA,DIS,DIS,ANG
english564.mp3,english,564,SAD,DIS,DIS,DIS
english327.mp3,english,327,SAD,DIS,DIS,DIS
english322.mp3,english,322,SAD,DIS,DIS,ANG
kabyle1.mp3,kabyle,1,SAD,DIS,DIS,ANG
dutch47.mp3,dutch,47,FEA,DIS,DIS,DIS
chittagonian1.mp3,chittagonian,1,SAD,FEA,DIS,DIS
cantonese22.mp3,cantonese,22,SAD,DIS,DIS,DIS
hindi17.mp3,hindi,17,SAD,DIS,DIS,DIS
arabic81.mp3,arabic,81,SAD,DIS,DIS,DIS
english83.mp3,english,83,SAD,DIS,DIS,ANG
amharic12.mp3,amharic,12,SAD,DIS,DIS,DIS
english122.mp3,english,122,SAD,DIS,DIS,ANG
ganda2.mp3,ganda,2,FEA,DIS,DIS,ANG
miskito8.mp3,miskito,8,SAD,DIS,DIS,DIS
spanish155.mp3,spanish,155,FEA,DIS,DIS,ANG
french6.mp3,french,6,SAD,DIS,DIS,ANG
lithuanian6.mp3,lithuanian,6,SAD,DIS,DIS,HAP
german32.mp3,german,32,SAD,DIS,DIS,ANG
amharic1.mp3,amharic,1,FEA,DIS,DIS,ANG
english278.mp3,english,278,SAD,DIS,DIS,ANG
vietnamese12.mp3,vietnamese,12,SAD,DIS,DIS,ANG
igbo2.mp3,igbo,2,SAD,DIS,DIS,ANG
korean36.mp3,korean,36,FEA,DIS,DIS,ANG
english546.mp3,english,546,SAD,DIS,DIS,DIS
kazakh3.mp3,kazakh,3,FEA,DIS,DIS,ANG
somali4.mp3,somali,4,SAD,DIS,DIS,ANG
english234.mp3,english,234,SAD,DIS,DIS,ANG
english270.mp3,english,270,FEA,DIS,DIS,ANG
korean47.mp3,korean,47,FEA,DIS,DIS,DIS
english202.mp3,english,202,SAD,DIS,DIS,DIS
english138.mp3,english,138,FEA,DIS,DIS,DIS
portuguese2.mp3,portuguese,2,SAD,DIS,DIS,DIS
farsi6.mp3,farsi,6,SAD,DIS,DIS,ANG
russian8.mp3,russian,8,SAD,DIS,DIS,ANG
amharic9.mp3,amharic,9,SAD,DIS,DIS,DIS
mandarin15.mp3,mandarin,15,SAD,DIS,DIS,ANG
arabic31.mp3,arabic,31,FEA,DIS,DIS,ANG
maltese2.mp3,maltese,2,SAD,DIS,DIS,DIS
urdu6.mp3,urdu,6,SAD,DIS,DIS,ANG
romanian20.mp3,romanian,20,SAD,DIS,DIS,ANG
spanish38.mp3,spanish,38,FEA,DIS,DIS,DIS
lamaholot1.mp3,lamaholot,1,FEA,DIS,DIS,DIS
oromo1.mp3,oromo,1,SAD,DIS,DIS,DIS
english469.mp3,english,469,SAD,DIS,DIS,DIS
wu1.mp3,wu,1,SAD,DIS,DIS,ANG
english450.mp3,english,450,SAD,DIS,DIS,HAP
french5.mp3,french,5,SAD,DIS,DIS,DIS
english102.mp3,english,102,FEA,DIS,DIS,ANG
mandarin38.mp3,mandarin,38,FEA,DIS,DIS,ANG
turkish26.mp3,turkish,26,SAD,DIS,DIS,ANG
gusii1.mp3,gusii,1,SAD,DIS,DIS,ANG
french48.mp3,french,48,SAD,DIS,DIS,DIS
english409.mp3,english,409,SAD,DIS,DIS,ANG
kambaata1.mp3,kambaata,1,FEA,DIS,DIS,ANG
russian27.mp3,russian,27,SAD,DIS,DIS,ANG
english319.mp3,english,319,SAD,DIS,DIS,DIS
vietnamese5.mp3,vietnamese,5,SAD,FEA,DIS,ANG
mandarin48.mp3,mandarin,48,FEA,DIS,DIS,ANG
spanish78.mp3,spanish,78,SAD,DIS,DIS,ANG
portuguese22.mp3,portuguese,22,FEA,DIS,DIS,ANG
english429.mp3,english,429,SAD,DIS,DIS,ANG
spanish5.mp3,spanish,5,SAD,DIS,DIS,ANG
dutch17.mp3,dutch,17,SAD,DIS,DIS,DIS
korean32.mp3,korean,32,FEA,DIS,DIS,ANG
tamil4.mp3,tamil,4,SAD,DIS,DIS,ANG
turkish32.mp3,turkish,32,FEA,DIS,DIS,ANG
english116.mp3,english,116,SAD,DIS,DIS,ANG
arabic4.mp3,arabic,4,FEA,DIS,DIS,ANG
english220.mp3,english,220,SAD,DIS,DIS,ANG
spanish64.mp3,spanish,64,SAD,DIS,DIS,ANG
yoruba5.mp3,yoruba,5,SAD,DIS,DIS,ANG
spanish94.mp3,spanish,94,SAD,DIS,DIS,ANG
amharic11.mp3,amharic,11,SAD,DIS,DIS,DIS
arabic69.mp3,arabic,69,SAD,DIS,DIS,DIS
dutch9.mp3,dutch,9,SAD,DIS,DIS,ANG
spanish145.mp3,spanish,145,SAD,DIS,DIS,DIS
mandarin12.mp3,mandarin,12,FEA,DIS,DIS,ANG
estonian1.mp3,estonian,1,SAD,DIS,DIS,DIS
english53.mp3,english,53,FEA,DIS,DIS,ANG
english128.mp3,english,128,SAD,DIS,DIS,ANG
english32.mp3,english,32,SAD,DIS,DIS,ANG
english411.mp3,english,411,SAD,DIS,DIS,ANG
german13.mp3,german,13,FEA,DIS,DIS,ANG
english240.mp3,english,240,SAD,DIS,DIS,DIS
amharic15.mp3,amharic,15,FEA,DIS,DIS,ANG
english277.mp3,english,277,SAD,DIS,DIS,DIS
gujarati3.mp3,gujarati,3,SAD,DIS,DIS,DIS
teochew1.mp3,teochew,1,SAD,DIS,DIS,ANG
english65.mp3,english,65,SAD,DIS,DIS,DIS
english173.mp3,english,173,SAD,DIS,DIS,ANG
french61.mp3,french,61,SAD,DIS,DIS,ANG
french16.mp3,french,16,SAD,FEA,DIS,ANG
english560.mp3,english,560,SAD,DIS,DIS,DIS
dutch2.mp3,dutch,2,SAD,DIS,DIS,ANG
farsi10.mp3,farsi,10,SAD,DIS,DIS,ANG
farsi11.mp3,farsi,11,SAD,DIS,DIS,ANG
english576.mp3,english,576,SAD,DIS,DIS,DIS
english25.mp3,english,25,FEA,DIS,DIS,ANG
mandarin37.mp3,mandarin,37,SAD,DIS,DIS,ANG
jola1.mp3,jola,1,FEA,DIS,DIS,ANG
mende2.mp3,mende,2,FEA,DIS,DIS,DIS
english33.mp3,english,33,SAD,DIS,DIS,DIS
spanish116.mp3,spanish,116,FEA,DIS,DIS,ANG
english15.mp3,english,15,SAD,DIS,DIS,ANG
macedonian24.mp3,macedonian,24,SAD,DIS,DIS,ANG
english567.mp3,english,567,FEA,DIS,DIS,DIS
italian11.mp3,italian,11,FEA,DIS,DIS,ANG
nepali12.mp3,nepali,12,SAD,FEA,DIS,ANG
thai10.mp3,thai,10,SAD,DIS,DIS,ANG
english117.mp3,english,117,SAD,DIS,DIS,ANG
turkish9.mp3,turkish,9,SAD,DIS,DIS,DIS
mandarin63.mp3,mandarin,63,FEA,DIS,DIS,DIS
korean14.mp3,korean,14,SAD,DIS,DIS,ANG
polish15.mp3,polish,15,SAD,DIS,DIS,ANG
kiswahili3.mp3,kiswahili,3,FEA,DIS,DIS,ANG
hebrew2.mp3,hebrew,2,SAD,DIS,DIS,DIS
english206.mp3,english,206,FEA,DIS,DIS,HAP
english364.mp3,english,364,SAD,DIS,DIS,ANG
english9.mp3,english,9,FEA,DIS,DIS,ANG
english230.mp3,english,230,SAD,DIS,DIS,DIS
english530.mp3,english,530,SAD,DIS,DIS,DIS
armenian2.mp3,armenian,2,SAD,DIS,DIS,ANG
english263.mp3,english,263,SAD,DIS,DIS,ANG
konkani1.mp3,konkani,1,SAD,DIS,DIS,ANG
korean42.mp3,korean,42,SAD,DIS,DIS,ANG
english449.mp3,english,449,SAD,DIS,DIS,ANG
ukrainian3.mp3,ukrainian,3,FEA,DIS,DIS,ANG
bafang2.mp3,bafang,2,SAD,DIS,DIS,DIS
garifuna2.mp3,garifuna,2,SAD,DIS,DIS,ANG
farsi5.mp3,farsi,5,FEA,DIS,DIS,DIS
french54.mp3,french,54,SAD,DIS,DIS,ANG
greek12.mp3,greek,12,SAD,DIS,DIS,DIS
russian20.mp3,russian,20,SAD,DIS,DIS,HAP
english6.mp3,english,6,SAD,DIS,DIS,ANG
polish11.mp3,polish,11,SAD,FEA,DIS,ANG
english76.mp3,english,76,SAD,DIS,DIS,ANG
arabic62.mp3,arabic,62,FEA,DIS,DIS,ANG
arabic9.mp3,arabic,9,FEA,DIS,DIS,ANG
english107.mp3,english,107,SAD,DIS,DIS,ANG
turkish34.mp3,turkish,34,FEA,DIS,DIS,ANG
armenian1.mp3,armenian,1,FEA,DIS,DIS,DIS
dutch4.mp3,dutch,4,SAD,DIS,DIS,ANG
spanish90.mp3,spanish,90,SAD,DIS,DIS,DIS
tagalog9.mp3,tagalog,9,FEA,DIS,DIS,ANG
kurdish7.mp3,kurdish,7,FEA,DIS,DIS,ANG
russian30.mp3,russian,30,SAD,DIS,DIS,ANG
mende1.mp3,mende,1,FEA,DIS,DIS,ANG
catalan2.mp3,catalan,2,SAD,DIS,DIS,ANG
tamil2.mp3,tamil,2,SAD,DIS,DIS,ANG
korean48.mp3,korean,48,SAD,DIS,DIS,DIS
english99.mp3,english,99,FEA,DIS,DIS,ANG
bengali11.mp3,bengali,11,SAD,DIS,DIS,ANG
romanian12.mp3,romanian,12,SAD,DIS,DIS,ANG
dutch40.mp3,dutch,40,SAD,DIS,DIS,DIS
english443.mp3,english,443,SAD,DIS,DIS,ANG
mandarin26.mp3,mandarin,26,SAD,DIS,DIS,HAP
english430.mp3,english,430,SAD,DIS,DIS,ANG
spanish88.mp3,spanish,88,FEA,DIS,DIS,ANG
english64.mp3,english,64,SAD,DIS,DIS,DIS
polish32.mp3,polish,32,FEA,DIS,DIS,ANG
hadiyya1.mp3,hadiyya,1,FEA,DIS,DIS,ANG
spanish113.mp3,spanish,113,FEA,DIS,DIS,ANG
malay4.mp3,malay,4,FEA,DIS,DIS,ANG
tagalog15.mp3,tagalog,15,SAD,DIS,DIS,ANG
korean38.mp3,korean,38,SAD,DIS,DIS,ANG
english273.mp3,english,273,SAD,DIS,DIS,DIS
korean35.mp3,korean,35,FEA,DIS,DIS,ANG
tamil5.mp3,tamil,5,SAD,DIS,DIS,ANG
mandarin23.mp3,mandarin,23,SAD,DIS,DIS,ANG
english548.mp3,english,548,SAD,DIS,DIS,ANG
english374.mp3,english,374,SAD,DIS,DIS,ANG
vietnamese11.mp3,vietnamese,11,SAD,DIS,DIS,ANG
english383.mp3,english,383,SAD,FEA,DIS,ANG
bengali5.mp3,bengali,5,SAD,DIS,DIS,ANG
french49.mp3,french,49,SAD,DIS,DIS,ANG
ukrainian7.mp3,ukrainian,7,FEA,DIS,DIS,ANG
spanish136.mp3,spanish,136,SAD,DIS,DIS,ANG
polish30.mp3,polish,30,SAD,DIS,DIS,HAP
russian9.mp3,russian,9,FEA,DIS,DIS,DIS
english13.mp3,english,13,FEA,DIS,DIS,ANG
english80.mp3,english,80,SAD,DIS,DIS,DIS
thai8.mp3,thai,8,SAD,DIS,DIS,DIS
gujarati6.mp3,gujarati,6,SAD,DIS,DIS,DIS
nandi1.mp3,nandi,1,SAD,DIS,DIS,ANG
spanish50.mp3,spanish,50,SAD,DIS,DIS,ANG
danish4.mp3,danish,4,SAD,DIS,DIS,ANG
english544.mp3,english,544,FEA,DIS,DIS,DIS
french15.mp3,french,15,SAD,DIS,DIS,DIS
arabic35.mp3,arabic,35,SAD,DIS,DIS,DIS
yapese1.mp3,yapese,1,FEA,DIS,DIS,DIS
english419.mp3,english,419,SAD,DIS,DIS,DIS
farsi8.mp3,farsi,8,SAD,DIS,DIS,ANG
swedish11.mp3,swedish,11,SAD,DIS,DIS,ANG
spanish44.mp3,spanish,44,SAD,DIS,DIS,ANG
english161.mp3,english,161,SAD,DIS,DIS,ANG
hindi4.mp3,hindi,4,FEA,DIS,DIS,ANG
bambara3.mp3,bambara,3,SAD,DIS,DIS,ANG
mandarin22.mp3,mandarin,22,SAD,DIS,DIS,DIS
mandarin39.mp3,mandarin,39,SAD,DIS,DIS,ANG
german34.mp3,german,34,SAD,DIS,DIS,ANG
turkish37.mp3,turkish,37,FEA,DIS,DIS,ANG
ukrainian9.mp3,ukrainian,9,SAD,DIS,DIS,ANG
arabic36.mp3,arabic,36,FEA,DIS,DIS,ANG
bosnian7.mp3,bosnian,7,FEA,DIS,DIS,DIS
english147.mp3,english,147,SAD,DIS,DIS,ANG
czech4.mp3,czech,4,SAD,DIS,DIS,ANG
mongolian9.mp3,mongolian,9,FEA,DIS,DIS,DIS
russian4.mp3,russian,4,SAD,DIS,DIS,DIS
english148.mp3,english,148,SAD,DIS,DIS,DIS
english308.mp3,english,308,SAD,DIS,DIS,ANG
tagalog17.mp3,tagalog,17,FEA,DIS,DIS,FEA
farsi3.mp3,farsi,3,SAD,DIS,DIS,ANG
english30.mp3,english,30,SAD,DIS,DIS,DIS
portuguese14.mp3,portuguese,14,FEA,DIS,DIS,DIS
thai12.mp3,thai,12,FEA,DIS,DIS,DIS
english280.mp3,english,280,SAD,DIS,DIS,DIS
uyghur3.mp3,uyghur,3,SAD,DIS,DIS,ANG
hindi7.mp3,hindi,7,FEA,DIS,DIS,ANG
slovak1.mp3,slovak,1,FEA,DIS,DIS,ANG
english301.mp3,english,301,FEA,DIS,DIS,ANG
greek11.mp3,greek,11,SAD,DIS,DIS,DIS
urdu7.mp3,urdu,7,FEA,DIS,DIS,ANG
english371.mp3,english,371,SAD,DIS,DIS,DIS
spanish85.mp3,spanish,85,SAD,DIS,DIS,ANG
english480.mp3,english,480,SAD,DIS,DIS,HAP
spanish39.mp3,spanish,39,SAD,DIS,DIS,DIS
english550.mp3,english,550,FEA,DIS,DIS,DIS
rwanda1.mp3,rwanda,1,SAD,DIS,DIS,ANG
english372.mp3,english,372,FEA,DIS,DIS,ANG
french35.mp3,french,35,FEA,DIS,DIS,DIS
english331.mp3,english,331,SAD,DIS,DIS,ANG
krio4.mp3,krio,4,FEA,DIS,DIS,ANG
english459.mp3,english,459,SAD,DIS,DIS,DIS
pashto5.mp3,pashto,5,FEA,DIS,DIS,ANG
turkish11.mp3,turkish,11,SAD,DIS,DIS,DIS
romanian16.mp3,romanian,16,SAD,DIS,DIS,ANG
spanish4.mp3,spanish,4,SAD,DIS,DIS,DIS
yiddish3.mp3,yiddish,3,SAD,DIS,DIS,HAP
spanish147.mp3,spanish,147,SAD,DIS,DIS,ANG
danish8.mp3,danish,8,SAD,DIS,DIS,ANG
polish12.mp3,polish,12,SAD,DIS,DIS,ANG
portuguese29.mp3,portuguese,29,FEA,DIS,DIS,ANG
gujarati2.mp3,gujarati,2,FEA,DIS,DIS,ANG
kurdish6.mp3,kurdish,6,SAD,DIS,DIS,ANG
english569.mp3,english,569,SAD,DIS,DIS,DIS
spanish150.mp3,spanish,150,SAD,DIS,DIS,DIS
english140.mp3,english,140,SAD,DIS,DIS,DIS
japanese2.mp3,japanese,2,SAD,DIS,DIS,ANG
spanish93.mp3,spanish,93,SAD,DIS,DIS,DIS
english559.mp3,english,559,FEA,DIS,DIS,ANG
polish13.mp3,polish,13,FEA,DIS,DIS,ANG
english307.mp3,english,307,SAD,DIS,DIS,DIS
macedonian23.mp3,macedonian,23,SAD,DIS,DIS,ANG
russian12.mp3,russian,12,SAD,ANG,DIS,ANG
english104.mp3,english,104,FEA,DIS,DIS,ANG
english94.mp3,english,94,SAD,DIS,DIS,ANG
polish33.mp3,polish,33,FEA,DIS,DIS,ANG
arabic8.mp3,arabic,8,FEA,DIS,DIS,ANG
arabic52.mp3,arabic,52,SAD,DIS,DIS,ANG
english341.mp3,english,341,SAD,DIS,DIS,ANG
english537.mp3,english,537,SAD,DIS,DIS,ANG
spanish79.mp3,spanish,79,FEA,DIS,DIS,ANG
dutch23.mp3,dutch,23,SAD,DIS,DIS,DIS
english231.mp3,english,231,SAD,DIS,DIS,DIS
malagasy1.mp3,malagasy,1,FEA,DIS,DIS,DIS
gujarati7.mp3,gujarati,7,SAD,DIS,DIS,ANG
polish10.mp3,polish,10,SAD,DIS,DIS,ANG
kikongo1.mp3,kikongo,1,SAD,DIS,DIS,ANG
french58.mp3,french,58,SAD,DIS,DIS,DIS
mandarin59.mp3,mandarin,59,SAD,DIS,DIS,DIS
czech8.mp3,czech,8,SAD,DIS,DIS,DIS
czech1.mp3,czech,1,FEA,DIS,DIS,DIS
hindi18.mp3,hindi,18,SAD,DIS,DIS,ANG
french47.mp3,french,47,SAD,DIS,DIS,ANG
english256.mp3,english,256,SAD,DIS,DIS,DIS
papiamentu2.mp3,papiamentu,2,FEA,DIS,DIS,ANG
italian9.mp3,italian,9,SAD,DIS,DIS,ANG
tagalog5.mp3,tagalog,5,SAD,DIS,DIS,ANG
english378.mp3,english,378,SAD,FEA,DIS,ANG
korean46.mp3,korean,46,SAD,DIS,DIS,ANG
hindi8.mp3,hindi,8,SAD,DIS,DIS,ANG
kurdish3.mp3,kurdish,3,SAD,DIS,DIS,ANG
ukrainian1.mp3,ukrainian,1,FEA,FEA,DIS,ANG
english180.mp3,english,180,SAD,DIS,DIS,DIS
latvian2.mp3,latvian,2,SAD,DIS,DIS,ANG
wolof2.mp3,wolof,2,FEA,DIS,DIS,DIS
wolof4.mp3,wolof,4,FEA,DIS,DIS,ANG
english81.mp3,english,81,SAD,DIS,DIS,ANG
dutch20.mp3,dutch,20,SAD,DIS,DIS,DIS
indonesian4.mp3,indonesian,4,SAD,DIS,DIS,ANG
albanian7.mp3,albanian,7,SAD,DIS,DIS,ANG
spanish30.mp3,spanish,30,SAD,DIS,DIS,ANG
swedish5.mp3,swedish,5,FEA,DIS,DIS,ANG
hausa1.mp3,hausa,1,SAD,DIS,DIS,ANG
yoruba2.mp3,yoruba,2,FEA,DIS,DIS,ANG
dutch6.mp3,dutch,6,SAD,DIS,DIS,ANG
arabic94.mp3,arabic,94,SAD,DIS,DIS,ANG
english246.mp3,english,246,SAD,DIS,DIS,DIS
taiwanese6.mp3,taiwanese,6,SAD,DIS,DIS,ANG
hmong2.mp3,hmong,2,FEA,DIS,DIS,ANG
english73.mp3,english,73,SAD,DIS,DIS,DIS
russian23.mp3,russian,23,FEA,DIS,DIS,DIS
english8.mp3,english,8,SAD,DIS,DIS,ANG
arabic80.mp3,arabic,80,SAD,DIS,DIS,ANG
estonian3.mp3,estonian,3,SAD,DIS,DIS,ANG
macedonian20.mp3,macedonian,20,FEA,DIS,DIS,HAP
ewe2.mp3,ewe,2,SAD,DIS,DIS,DIS
italian16.mp3,italian,16,SAD,DIS,DIS,ANG
khmer2.mp3,khmer,2,SAD,DIS,DIS,DIS
japanese8.mp3,japanese,8,FEA,DIS,DIS,ANG
dutch11.mp3,dutch,11,FEA,DIS,DIS,ANG
cantonese2.mp3,cantonese,2,FEA,DIS,DIS,ANG
spanish80.mp3,spanish,80,SAD,DIS,DIS,ANG
english86.mp3,english,86,SAD,DIS,DIS,ANG
chamorro1.mp3,chamorro,1,SAD,DIS,DIS,ANG
french23.mp3,french,23,SAD,DIS,DIS,DIS
english381.mp3,english,381,SAD,DIS,DIS,ANG
romanian17.mp3,romanian,17,FEA,DIS,DIS,ANG
english282.mp3,english,282,FEA,DIS,DIS,DIS
english434.mp3,english,434,SAD,DIS,DIS,ANG
english222.mp3,english,222,SAD,DIS,DIS,DIS
russian1.mp3,russian,1,FEA,DIS,DIS,ANG
german21.mp3,german,21,SAD,DIS,DIS,ANG
dutch34.mp3,dutch,34,SAD,DIS,DIS,ANG
english367.mp3,english,367,SAD,DIS,DIS,ANG
english219.mp3,english,219,FEA,DIS,DIS,ANG
spanish51.mp3,spanish,51,SAD,FEA,DIS,ANG
arabic54.mp3,arabic,54,FEA,DIS,DIS,ANG
arabic60.mp3,arabic,60,SAD,DIS,DIS,ANG
tajiki1.mp3,tajiki,1,SAD,DIS,DIS,ANG
english470.mp3,english,470,SAD,DIS,DIS,DIS
vietnamese4.mp3,vietnamese,4,SAD,DIS,DIS,DIS
french3.mp3,french,3,SAD,DIS,DIS,ANG
twi2.mp3,twi,2,SAD,DIS,DIS,DIS
vlaams2.mp3,vlaams,2,SAD,DIS,DIS,ANG
spanish9.mp3,spanish,9,SAD,DIS,DIS,ANG
english321.mp3,english,321,FEA,FEA,DIS,ANG
ilonggo1.mp3,ilonggo,1,SAD,DIS,DIS,DIS
macedonian9.mp3,macedonian,9,SAD,DIS,DIS,ANG
portuguese7.mp3,portuguese,7,FEA,DIS,DIS,ANG
khmer3.mp3,khmer,3,SAD,DIS,DIS,DIS
german14.mp3,german,14,SAD,FEA,DIS,ANG
english535.mp3,english,535,SAD,DIS,DIS,DIS
english254.mp3,english,254,SAD,DIS,DIS,ANG
italian15.mp3,italian,15,FEA,DIS,DIS,DIS
spanish83.mp3,spanish,83,SAD,DIS,DIS,ANG
arabic68.mp3,arabic,68,SAD,DIS,DIS,DIS
icelandic2.mp3,icelandic,2,SAD,DIS,DIS,ANG
catalan3.mp3,catalan,3,SAD,DIS,DIS,ANG
english362.mp3,english,362,SAD,DIS,DIS,DIS
portuguese4.mp3,portuguese,4,SAD,DIS,DIS,DIS
tswana2.mp3,tswana,2,SAD,DIS,DIS,ANG
korean50.mp3,korean,50,SAD,DIS,DIS,DIS
english401.mp3,english,401,FEA,DIS,DIS,ANG
bulgarian1.mp3,bulgarian,1,SAD,DIS,DIS,ANG
english145.mp3,english,145,SAD,DIS,DIS,HAP
punjabi2.mp3,punjabi,2,FEA,DIS,DIS,ANG
bengali12.mp3,bengali,12,SAD,DIS,DIS,ANG
english328.mp3,english,328,SAD,DIS,DIS,ANG
english503.mp3,english,503,SAD,DIS,DIS,ANG
spanish36.mp3,spanish,36,SAD,DIS,DIS,ANG
german22.mp3,german,22,SAD,DIS,DIS,ANG
macedonian13.mp3,macedonian,13,SAD,DIS,DIS,ANG
german15.mp3,german,15,SAD,DIS,DIS,ANG
shona1.mp3,shona,1,FEA,DIS,DIS,ANG
ibibio2.mp3,ibibio,2,FEA,DIS,DIS,ANG
punjabi5.mp3,punjabi,5,FEA,DIS,DIS,ANG
english531.mp3,english,531,SAD,DIS,DIS,DIS
tibetan2.mp3,tibetan,2,FEA,DIS,DIS,ANG
bengali6.mp3,bengali,6,SAD,DIS,DIS,DIS
romanian2.mp3,romanian,2,SAD,DIS,DIS,DIS
german29.mp3,german,29,SAD,DIS,DIS,ANG
turkish21.mp3,turkish,21,FEA,DIS,DIS,DIS
french8.mp3,french,8,SAD,DIS,DIS,ANG
dutch25.mp3,dutch,25,SAD,DIS,DIS,DIS
english136.mp3,english,136,SAD,DIS,DIS,ANG
russian48.mp3,russian,48,DIS,DIS,DIS,ANG
english316.mp3,english,316,SAD,DIS,DIS,DIS
spanish156.mp3,spanish,156,SAD,DIS,DIS,ANG
sylheti1.mp3,sylheti,1,SAD,DIS,DIS,ANG
romanian7.mp3,romanian,7,SAD,FEA,DIS,ANG
german28.mp3,german,28,SAD,DIS,DIS,ANG
italian4.mp3,italian,4,SAD,DIS,DIS,ANG
english489.mp3,english,489,SAD,DIS,DIS,ANG
turkish28.mp3,turkish,28,SAD,DIS,DIS,DIS
korean8.mp3,korean,8,SAD,DIS,DIS,ANG
macedonian17.mp3,macedonian,17,FEA,DIS,DIS,ANG
english259.mp3,english,259,SAD,DIS,DIS,DIS
farsi21.mp3,farsi,21,SAD,DIS,DIS,DIS
english460.mp3,english,460,SAD,DIS,DIS,ANG
krio2.mp3,krio,2,FEA,DIS,DIS,ANG
bari1.mp3,bari,1,FEA,DIS,DIS,DIS
thai15.mp3,thai,15,SAD,DIS,DIS,ANG
spanish67.mp3,spanish,67,SAD,DIS,DIS,ANG
fijian1.mp3,fijian,1,FEA,DIS,DIS,ANG
latvian3.mp3,latvian,3,SAD,DIS,DIS,HAP
finnish4.mp3,finnish,4,FEA,DIS,DIS,ANG
greek15.mp3,greek,15,SAD,DIS,DIS,ANG
mongolian4.mp3,mongolian,4,FEA,DIS,DIS,DIS
spanish97.mp3,spanish,97,SAD,DIS,DIS,ANG
bulgarian12.mp3,bulgarian,12,SAD,DIS,DIS,DIS
english438.mp3,english,438,SAD,DIS,DIS,ANG
tigrigna5.mp3,tigrigna,5,SAD,DIS,DIS,HAP
farsi18.mp3,farsi,18,SAD,DIS,DIS,DIS
spanish107.mp3,spanish,107,SAD,DIS,DIS,DIS
english153.mp3,english,153,SAD,DIS,DIS,ANG
english154.mp3,english,154,FEA,DIS,DIS,ANG
swedish8.mp3,swedish,8,SAD,FEA,DIS,ANG
english106.mp3,english,106,FEA,DIS,DIS,ANG
tagalog7.mp3,tagalog,7,FEA,DIS,DIS,ANG
english558.mp3,english,558,SAD,DIS,DIS,HAP
english534.mp3,english,534,SAD,DIS,DIS,ANG
indonesian5.mp3,indonesian,5,SAD,DIS,DIS,DIS
punjabi3.mp3,punjabi,3,FEA,DIS,DIS,ANG
english183.mp3,english,183,SAD,DIS,DIS,ANG
japanese23.mp3,japanese,23,FEA,DIS,DIS,DIS
khmer5.mp3,khmer,5,SAD,DIS,DIS,ANG
dutch26.mp3,dutch,26,SAD,DIS,DIS,HAP
mandarin14.mp3,mandarin,14,SAD,DIS,DIS,ANG
dutch3.mp3,dutch,3,FEA,DIS,DIS,ANG
kurdish1.mp3,kurdish,1,FEA,DIS,DIS,ANG
hebrew3.mp3,hebrew,3,FEA,DIS,DIS,ANG
english292.mp3,english,292,SAD,DIS,DIS,DIS
spanish25.mp3,spanish,25,FEA,DIS,DIS,ANG
bulgarian15.mp3,bulgarian,15,SAD,DIS,DIS,ANG
polish34.mp3,polish,34,FEA,DIS,DIS,HAP
spanish139.mp3,spanish,139,SAD,DIS,DIS,ANG
spanish110.mp3,spanish,110,SAD,DIS,DIS,ANG
english72.mp3,english,72,SAD,DIS,DIS,DIS
dutch36.mp3,dutch,36,SAD,DIS,DIS,HAP
english298.mp3,english,298,SAD,DIS,DIS,ANG
wolof6.mp3,wolof,6,FEA,DIS,DIS,ANG
spanish49.mp3,spanish,49,SAD,DIS,DIS,DIS
english577.mp3,english,577,FEA,DIS,DIS,ANG
kurdish10.mp3,kurdish,10,HAP,DIS,DIS,DIS
greek10.mp3,greek,10,SAD,DIS,DIS,ANG
croatian6.mp3,croatian,6,SAD,DIS,DIS,DIS
miskito6.mp3,miskito,6,SAD,DIS,DIS,ANG
urdu13.mp3,urdu,13,SAD,DIS,DIS,DIS
turkish10.mp3,turkish,10,FEA,DIS,DIS,DIS
english143.mp3,english,143,SAD,DIS,DIS,ANG
amharic13.mp3,amharic,13,SAD,DIS,DIS,DIS
bafang1.mp3,bafang,1,SAD,DIS,DIS,ANG
italian31.mp3,italian,31,SAD,DIS,DIS,ANG
english90.mp3,english,90,SAD,DIS,DIS,ANG
english512.mp3,english,512,FEA,DIS,DIS,DIS
english212.mp3,english,212,SAD,DIS,DIS,DIS
satawalese1.mp3,satawalese,1,FEA,DIS,DIS,ANG
spanish131.mp3,spanish,131,FEA,DIS,DIS,ANG
russian42.mp3,russian,42,FEA,DIS,DIS,ANG
bambara4.mp3,bambara,4,FEA,DIS,DIS,ANG
italian21.mp3,italian,21,FEA,DIS,DIS,ANG
portuguese44.mp3,portuguese,44,DIS,DIS,DIS,ANG
english510.mp3,english,510,SAD,DIS,DIS,DIS
khmer6.mp3,khmer,6,SAD,DIS,DIS,ANG
pashto3.mp3,pashto,3,FEA,DIS,DIS,ANG
french14.mp3,french,14,FEA,DIS,DIS,ANG
serer1.mp3,serer,1,FEA,DIS,DIS,ANG
english288.mp3,english,288,SAD,DIS,DIS,DIS
slovak3.mp3,slovak,3,FEA,DIS,DIS,ANG
portuguese30.mp3,portuguese,30,SAD,DIS,DIS,NEU
bulgarian14.mp3,bulgarian,14,FEA,DIS,DIS,ANG
arabic37.mp3,arabic,37,FEA,DIS,DIS,HAP
polish2.mp3,polish,2,SAD,DIS,DIS,DIS
portuguese42.mp3,portuguese,42,FEA,DIS,DIS,DIS
english179.mp3,english,179,SAD,DIS,DIS,DIS
shan1.mp3,shan,1,SAD,DIS,DIS,DIS
korean27.mp3,korean,27,SAD,DIS,DIS,ANG
english490.mp3,english,490,SAD,DIS,DIS,DIS
spanish26.mp3,spanish,26,SAD,DIS,DIS,ANG
english562.mp3,english,562,SAD,DIS,DIS,ANG
farsi4.mp3,farsi,4,SAD,DIS,DIS,ANG
english21.mp3,english,21,SAD,DIS,DIS,DIS
farsi19.mp3,farsi,19,SAD,DIS,DIS,ANG
dari2.mp3,dari,2,SAD,DIS,DIS,DIS
urdu11.mp3,urdu,11,FEA,FEA,DIS,ANG
english297.mp3,english,297,FEA,DIS,DIS,ANG
english565.mp3,english,565,SAD,DIS,DIS,DIS
greek8.mp3,greek,8,SAD,DIS,DIS,ANG
english35.mp3,english,35,SAD,DIS,DIS,DIS
french4.mp3,french,4,FEA,DIS,DIS,ANG
english158.mp3,english,158,SAD,DIS,DIS,DIS
russian40.mp3,russian,40,FEA,DIS,DIS,ANG
belarusan1.mp3,belarusan,1,SAD,DIS,DIS,HAP
slovak5.mp3,slovak,5,FEA,DIS,DIS,DIS
english258.mp3,english,258,FEA,DIS,DIS,DIS
english151.mp3,english,151,FEA,DIS,DIS,DIS
portuguese28.mp3,portuguese,28,SAD,DIS,DIS,ANG
macedonian22.mp3,macedonian,22,SAD,DIS,DIS,ANG
english424.mp3,english,424,FEA,DIS,DIS,ANG
english479.mp3,english,479,FEA,DIS,DIS,ANG
french46.mp3,french,46,SAD,DIS,DIS,DIS
arabic20.mp3,arabic,20,SAD,DIS,DIS,ANG
newari1.mp3,newari,1,FEA,DIS,DIS,DIS
fang1.mp3,fang,1,SAD,DIS,DIS,ANG
polish4.mp3,polish,4,SAD,DIS,DIS,ANG
tagalog11.mp3,tagalog,11,SAD,DIS,DIS,ANG
english244.mp3,english,244,FEA,DIS,DIS,ANG
dari3.mp3,dari,3,FEA,DIS,DIS,ANG
english446.mp3,english,446,SAD,DIS,DIS,DIS
english344.mp3,english,344,SAD,DIS,DIS,DIS
english56.mp3,english,56,FEA,DIS,DIS,ANG
igbo3.mp3,igbo,3,FEA,DIS,DIS,ANG
arabic50.mp3,arabic,50,FEA,DIS,DIS,ANG
arabic100.mp3,arabic,100,SAD,DIS,DIS,ANG
spanish104.mp3,spanish,104,SAD,SAD,DIS,ANG
english486.mp3,english,486,FEA,DIS,DIS,ANG
english233.mp3,english,233,SAD,DIS,DIS,ANG
greek13.mp3,greek,13,SAD,DIS,DIS,ANG
english118.mp3,english,118,SAD,DIS,DIS,DIS
italian8.mp3,italian,8,FEA,DIS,DIS,DIS
romanian14.mp3,romanian,14,FEA,DIS,DIS,ANG
spanish126.mp3,spanish,126,SAD,DIS,DIS,ANG
pulaar3.mp3,pulaar,3,SAD,FEA,DIS,ANG
russian24.mp3,russian,24,FEA,ANG,DIS,ANG
vietnamese16.mp3,vietnamese,16,SAD,DIS,DIS,ANG
czech7.mp3,czech,7,SAD,DIS,DIS,ANG
vietnamese15.mp3,vietnamese,15,SAD,DIS,DIS,ANG
serbian9.mp3,serbian,9,SAD,FEA,DIS,ANG
english283.mp3,english,283,SAD,DIS,DIS,DIS
korean43.mp3,korean,43,SAD,DIS,DIS,DIS
swedish9.mp3,swedish,9,FEA,DIS,DIS,ANG
sundanese1.mp3,sundanese,1,SAD,DIS,DIS,ANG
english88.mp3,english,88,FEA,DIS,DIS,DIS
marathi3.mp3,marathi,3,FEA,DIS,DIS,DIS
english59.mp3,english,59,SAD,DIS,DIS,ANG
german3.mp3,german,3,SAD,DIS,DIS,ANG
english262.mp3,english,262,FEA,DIS,DIS,ANG
bengali10.mp3,bengali,10,SAD,DIS,DIS,ANG
korean28.mp3,korean,28,SAD,DIS,DIS,ANG
tigrigna2.mp3,tigrigna,2,SAD,DIS,DIS,DIS
pashto1.mp3,pashto,1,SAD,DIS,DIS,ANG
