path,accent,number,crema-d predictions,ravdess predictions,tess predictions
german23.mp3,german,23,HAP,HAP,HAP
english533.mp3,english,533,DIS,DIS,DIS
spanish159.mp3,spanish,159,DIS,DIS,DIS
taiwanese1.mp3,taiwanese,1,ANG,ANG,ANG
malay3.mp3,malay,3,ANG,ANG,ANG
english360.mp3,english,360,ANG,ANG,ANG
yiddish1.mp3,yiddish,1,HAP,HAP,HAP
spanish54.mp3,spanish,54,HAP,HAP,HAP
arabic51.mp3,arabic,51,DIS,DIS,DIS
kalanga1.mp3,kalanga,1,DIS,DIS,DIS
lithuanian2.mp3,lithuanian,2,ANG,ANG,ANG
russian41.mp3,russian,41,ANG,ANG,ANG
english389.mp3,english,389,ANG,ANG,ANG
korean6.mp3,korean,6,ANG,ANG,ANG
russian38.mp3,russian,38,DIS,DIS,DIS
arabic22.mp3,arabic,22,ANG,ANG,ANG
korean33.mp3,korean,33,ANG,ANG,ANG
arabic15.mp3,arabic,15,DIS,DIS,DIS
polish29.mp3,polish,29,HAP,HAP,HAP
mandarin16.mp3,mandarin,16,ANG,ANG,ANG
dutch42.mp3,dutch,42,DIS,DIS,DIS
english235.mp3,english,235,ANG,ANG,ANG
english395.mp3,english,395,DIS,DIS,DIS
luo2.mp3,luo,2,DIS,DIS,DIS
english461.mp3,english,461,ANG,ANG,ANG
mortlockese1.mp3,mortlockese,1,ANG,ANG,ANG
mizo1.mp3,mizo,1,DIS,DIS,DIS
english439.mp3,english,439,ANG,ANG,ANG
pashto2.mp3,pashto,2,ANG,ANG,ANG
ukrainian11.mp3,ukrainian,11,ANG,ANG,ANG
english49.mp3,english,49,DIS,DIS,DIS
english66.mp3,english,66,HAP,HAP,HAP
french32.mp3,french,32,DIS,DIS,DIS
ga4.mp3,ga,4,DIS,DIS,DIS
russian22.mp3,russian,22,DIS,DIS,DIS
english174.mp3,english,174,ANG,ANG,ANG
catalan4.mp3,catalan,4,ANG,ANG,ANG
english346.mp3,english,346,DIS,DIS,DIS
spanish16.mp3,spanish,16,HAP,HAP,HAP
korean24.mp3,korean,24,DIS,DIS,DIS
english420.mp3,english,420,HAP,HAP,HAP
arabic24.mp3,arabic,24,DIS,DIS,DIS
synthesized4.mp3,synthesized,4,DIS,DIS,DIS
kru1.mp3,kru,1,ANG,ANG,ANG
miskito10.mp3,miskito,10,DIS,DIS,DIS
russian10.mp3,russian,10,ANG,ANG,ANG
arabic45.mp3,arabic,45,ANG,ANG,ANG
arabic14.mp3,arabic,14,DIS,DIS,DIS
serbian14.mp3,serbian,14,HAP,HAP,HAP
english358.mp3,english,358,ANG,ANG,ANG
english144.mp3,english,144,ANG,ANG,ANG
english404.mp3,english,404,ANG,ANG,ANG
german12.mp3,german,12,DIS,DIS,DIS
dutch8.mp3,dutch,8,ANG,ANG,ANG
taiwanese2.mp3,taiwanese,2,ANG,ANG,ANG
russian45.mp3,russian,45,ANG,ANG,ANG
english19.mp3,english,19,HAP,HAP,HAP
polish14.mp3,polish,14,DIS,DIS,DIS
mandarin64.mp3,mandarin,64,ANG,ANG,ANG
english454.mp3,english,454,ANG,ANG,ANG
mandarin6.mp3,mandarin,6,ANG,ANG,ANG
macedonian11.mp3,macedonian,11,ANG,ANG,ANG
polish19.mp3,polish,19,HAP,HAP,HAP
spanish92.mp3,spanish,92,HAP,HAP,HAP
english207.mp3,english,207,ANG,ANG,ANG
dutch37.mp3,dutch,37,ANG,ANG,ANG
english204.mp3,english,204,NEU,NEU,NEU
italian29.mp3,italian,29,ANG,ANG,ANG
english437.mp3,english,437,ANG,ANG,ANG
english276.mp3,english,276,ANG,ANG,ANG
malayalam2.mp3,malayalam,2,DIS,DIS,DIS
mandarin33.mp3,mandarin,33,HAP,HAP,HAP
french57.mp3,french,57,DIS,DIS,DIS
azerbaijani3.mp3,azerbaijani,3,ANG,ANG,ANG
english334.mp3,english,334,ANG,ANG,ANG
satawalese2.mp3,satawalese,2,ANG,ANG,ANG
bengali9.mp3,bengali,9,HAP,HAP,HAP
portuguese38.mp3,portuguese,38,DIS,DIS,DIS
mandarin34.mp3,mandarin,34,ANG,ANG,ANG
bulgarian8.mp3,bulgarian,8,DIS,DIS,DIS
english208.mp3,english,208,HAP,HAP,HAP
french37.mp3,french,37,HAP,HAP,HAP
romanian3.mp3,romanian,3,ANG,ANG,ANG
finnish8.mp3,finnish,8,ANG,ANG,ANG
english146.mp3,english,146,DIS,DIS,DIS
english467.mp3,english,467,DIS,DIS,DIS
romanian11.mp3,romanian,11,DIS,DIS,DIS
english188.mp3,english,188,ANG,ANG,ANG
arabic88.mp3,arabic,88,HAP,HAP,HAP
english115.mp3,english,115,HAP,HAP,HAP
spanish100.mp3,spanish,100,ANG,ANG,ANG
ashanti1.mp3,ashanti,1,DIS,DIS,DIS
english515.mp3,english,515,DIS,DIS,DIS
tibetan1.mp3,tibetan,1,ANG,ANG,ANG
spanish40.mp3,spanish,40,ANG,ANG,ANG
english566.mp3,english,566,ANG,ANG,ANG
arabic44.mp3,arabic,44,DIS,DIS,DIS
polish7.mp3,polish,7,ANG,ANG,ANG
tajiki3.mp3,tajiki,3,HAP,HAP,HAP
spanish46.mp3,spanish,46,DIS,DIS,DIS
portuguese31.mp3,portuguese,31,ANG,ANG,ANG
english82.mp3,english,82,HAP,HAP,HAP
spanish125.mp3,spanish,125,ANG,ANG,ANG
spanish19.mp3,spanish,19,DIS,DIS,DIS
wolof5.mp3,wolof,5,DIS,DIS,DIS
kurdish5.mp3,kurdish,5,DIS,DIS,DIS
english444.mp3,english,444,ANG,ANG,ANG
english385.mp3,english,385,DIS,DIS,DIS
serbian2.mp3,serbian,2,DIS,DIS,DIS
spanish76.mp3,spanish,76,ANG,ANG,ANG
igbo1.mp3,igbo,1,ANG,ANG,ANG
polish8.mp3,polish,8,DIS,DIS,DIS
punjabi8.mp3,punjabi,8,HAP,HAP,HAP
german31.mp3,german,31,ANG,ANG,ANG
slovenian2.mp3,slovenian,2,DIS,DIS,DIS
lamotrekese1.mp3,lamotrekese,1,ANG,ANG,ANG
english463.mp3,english,463,HAP,HAP,HAP
english70.mp3,english,70,ANG,ANG,ANG
norwegian5.mp3,norwegian,5,ANG,ANG,ANG
amharic7.mp3,amharic,7,DIS,DIS,DIS
polish17.mp3,polish,17,ANG,ANG,ANG
twi5.mp3,twi,5,DIS,DIS,DIS
english46.mp3,english,46,HAP,HAP,HAP
ukrainian5.mp3,ukrainian,5,HAP,HAP,HAP
kurdish9.mp3,kurdish,9,DIS,DIS,DIS
english426.mp3,english,426,ANG,ANG,ANG
hausa5.mp3,hausa,5,HAP,HAP,HAP
mandarin49.mp3,mandarin,49,DIS,DIS,DIS
ukrainian4.mp3,ukrainian,4,DIS,DIS,DIS
tibetan3.mp3,tibetan,3,ANG,ANG,ANG
english468.mp3,english,468,DIS,DIS,DIS
french29.mp3,french,29,ANG,ANG,ANG
bengali2.mp3,bengali,2,HAP,HAP,HAP
xiang1.mp3,xiang,1,ANG,ANG,ANG
amharic4.mp3,amharic,4,ANG,ANG,ANG
english556.mp3,english,556,DIS,DIS,DIS
spanish87.mp3,spanish,87,DIS,DIS,DIS
english163.mp3,english,163,DIS,DIS,DIS
japanese11.mp3,japanese,11,ANG,ANG,ANG
miskito9.mp3,miskito,9,ANG,ANG,ANG
korean5.mp3,korean,5,ANG,ANG,ANG
norwegian2.mp3,norwegian,2,ANG,ANG,ANG
english452.mp3,english,452,DIS,DIS,DIS
gujarati5.mp3,gujarati,5,ANG,ANG,ANG
hindi15.mp3,hindi,15,ANG,ANG,ANG
arabic71.mp3,arabic,71,ANG,ANG,ANG
xiang2.mp3,xiang,2,ANG,ANG,ANG
afrikaans4.mp3,afrikaans,4,DIS,DIS,DIS
dutch27.mp3,dutch,27,ANG,ANG,ANG
japanese27.mp3,japanese,27,ANG,ANG,ANG
miskito2.mp3,miskito,2,DIS,DIS,DIS
japanese1.mp3,japanese,1,ANG,ANG,ANG
turkish17.mp3,turkish,17,HAP,HAP,HAP
hebrew9.mp3,hebrew,9,ANG,ANG,ANG
spanish109.mp3,spanish,109,ANG,ANG,ANG
french50.mp3,french,50,ANG,ANG,ANG
spanish154.mp3,spanish,154,DIS,DIS,DIS
english18.mp3,english,18,ANG,ANG,ANG
english137.mp3,english,137,ANG,ANG,ANG
english250.mp3,english,250,HAP,HAP,HAP
english448.mp3,english,448,DIS,DIS,DIS
albanian3.mp3,albanian,3,DIS,DIS,DIS
english45.mp3,english,45,ANG,ANG,ANG
hausa2.mp3,hausa,2,DIS,DIS,DIS
arabic63.mp3,arabic,63,ANG,ANG,ANG
english323.mp3,english,323,ANG,ANG,ANG
french27.mp3,french,27,DIS,DIS,DIS
english291.mp3,english,291,HAP,HAP,HAP
lithuanian4.mp3,lithuanian,4,ANG,ANG,ANG
italian13.mp3,italian,13,HAP,HAP,HAP
spanish121.mp3,spanish,121,DIS,DIS,DIS
finnish1.mp3,finnish,1,ANG,ANG,ANG
serbian1.mp3,serbian,1,NEU,NEU,NEU
english199.mp3,english,199,DIS,DIS,DIS
english194.mp3,english,194,DIS,DIS,DIS
polish9.mp3,polish,9,ANG,ANG,ANG
english85.mp3,english,85,NEU,NEU,NEU
mandarin52.mp3,mandarin,52,ANG,ANG,ANG
english377.mp3,english,377,ANG,ANG,ANG
english392.mp3,english,392,DIS,DIS,DIS
english483.mp3,english,483,HAP,HAP,HAP
english386.mp3,english,386,ANG,ANG,ANG
tagalog13.mp3,tagalog,13,ANG,ANG,ANG
mandarin13.mp3,mandarin,13,DIS,DIS,DIS
arabic55.mp3,arabic,55,HAP,HAP,HAP
arabic64.mp3,arabic,64,DIS,DIS,DIS
polish24.mp3,polish,24,ANG,ANG,ANG
english2.mp3,english,2,ANG,ANG,ANG
english300.mp3,english,300,ANG,ANG,ANG
english317.mp3,english,317,ANG,ANG,ANG
english540.mp3,english,540,ANG,ANG,ANG
english312.mp3,english,312,DIS,DIS,DIS
urdu1.mp3,urdu,1,DIS,DIS,DIS
english442.mp3,english,442,DIS,DIS,DIS
spanish148.mp3,spanish,148,DIS,DIS,DIS
miskito11.mp3,miskito,11,ANG,ANG,ANG
arabic74.mp3,arabic,74,DIS,DIS,DIS
english436.mp3,english,436,DIS,DIS,DIS
english355.mp3,english,355,DIS,DIS,DIS
arabic26.mp3,arabic,26,DIS,DIS,DIS
dutch31.mp3,dutch,31,HAP,HAP,HAP
mandarin32.mp3,mandarin,32,ANG,ANG,ANG
italian7.mp3,italian,7,DIS,DIS,DIS
akan1.mp3,akan,1,ANG,ANG,ANG
spanish144.mp3,spanish,144,HAP,HAP,HAP
english345.mp3,english,345,HAP,HAP,HAP
english260.mp3,english,260,ANG,ANG,ANG
macedonian3.mp3,macedonian,3,DIS,DIS,DIS
mandarin36.mp3,mandarin,36,ANG,ANG,ANG
spanish41.mp3,spanish,41,DIS,DIS,DIS
english422.mp3,english,422,DIS,DIS,DIS
german16.mp3,german,16,ANG,ANG,ANG
yoruba1.mp3,yoruba,1,DIS,DIS,DIS
polish16.mp3,polish,16,HAP,HAP,HAP
vietnamese1.mp3,vietnamese,1,DIS,DIS,DIS
spanish135.mp3,spanish,135,DIS,DIS,DIS
farsi23.mp3,farsi,23,ANG,ANG,ANG
english290.mp3,english,290,NEU,NEU,NEU
english125.mp3,english,125,ANG,ANG,ANG
mandarin9.mp3,mandarin,9,DIS,DIS,DIS
macedonian26.mp3,macedonian,26,ANG,ANG,ANG
amharic2.mp3,amharic,2,DIS,DIS,DIS
english139.mp3,english,139,DIS,DIS,DIS
english366.mp3,english,366,ANG,ANG,ANG
serbian16.mp3,serbian,16,HAP,HAP,HAP
frisian1.mp3,frisian,1,ANG,ANG,ANG
russian7.mp3,russian,7,ANG,ANG,ANG
english398.mp3,english,398,DIS,DIS,DIS
farsi2.mp3,farsi,2,HAP,HAP,HAP
german8.mp3,german,8,DIS,DIS,DIS
arabic73.mp3,arabic,73,ANG,ANG,ANG
arabic92.mp3,arabic,92,DIS,DIS,DIS
polish22.mp3,polish,22,DIS,DIS,DIS
english428.mp3,english,428,ANG,ANG,ANG
lingala1.mp3,lingala,1,ANG,ANG,ANG
polish3.mp3,polish,3,ANG,ANG,ANG
afrikaans5.mp3,afrikaans,5,NEU,NEU,NEU
korean41.mp3,korean,41,ANG,ANG,ANG
spanish68.mp3,spanish,68,ANG,ANG,ANG
english7.mp3,english,7,DIS,DIS,DIS
french19.mp3,french,19,DIS,DIS,DIS
hmong1.mp3,hmong,1,DIS,DIS,DIS
spanish96.mp3,spanish,96,HAP,HAP,HAP
cebuano1.mp3,cebuano,1,ANG,ANG,ANG
rundi1.mp3,rundi,1,HAP,HAP,HAP
portuguese46.mp3,portuguese,46,SAD,SAD,SAD
mandarin10.mp3,mandarin,10,NEU,NEU,NEU
serbian11.mp3,serbian,11,DIS,DIS,DIS
german35.mp3,german,35,ANG,ANG,ANG
english315.mp3,english,315,ANG,ANG,ANG
italian2.mp3,italian,2,NEU,NEU,NEU
english175.mp3,english,175,DIS,DIS,DIS
german10.mp3,german,10,HAP,HAP,HAP
portuguese23.mp3,portuguese,23,HAP,HAP,HAP
english227.mp3,english,227,ANG,ANG,ANG
english462.mp3,english,462,DIS,DIS,DIS
cantonese10.mp3,cantonese,10,ANG,ANG,ANG
korean12.mp3,korean,12,DIS,DIS,DIS
hakka1.mp3,hakka,1,ANG,ANG,ANG
english43.mp3,english,43,DIS,DIS,DIS
yoruba3.mp3,yoruba,3,DIS,DIS,DIS
cantonese21.mp3,cantonese,21,ANG,ANG,ANG
spanish33.mp3,spanish,33,HAP,HAP,HAP
english97.mp3,english,97,ANG,ANG,ANG
nama1.mp3,nama,1,DIS,DIS,DIS
serbian13.mp3,serbian,13,ANG,ANG,ANG
spanish12.mp3,spanish,12,DIS,DIS,DIS
mandarin60.mp3,mandarin,60,ANG,ANG,ANG
arabic23.mp3,arabic,23,DIS,DIS,DIS
japanese25.mp3,japanese,25,DIS,DIS,DIS
turkish19.mp3,turkish,19,DIS,DIS,DIS
french55.mp3,french,55,ANG,ANG,ANG
dutch39.mp3,dutch,39,ANG,ANG,ANG
english514.mp3,english,514,DIS,DIS,DIS
cantonese7.mp3,cantonese,7,ANG,ANG,ANG
italian26.mp3,italian,26,HAP,HAP,HAP
english507.mp3,english,507,DIS,DIS,DIS
urdu14.mp3,urdu,14,DIS,DIS,DIS
turkish27.mp3,turkish,27,HAP,HAP,HAP
hindi11.mp3,hindi,11,DIS,DIS,DIS
cantonese13.mp3,cantonese,13,ANG,ANG,ANG
estonian4.mp3,estonian,4,ANG,ANG,ANG
french56.mp3,french,56,DIS,DIS,DIS
english221.mp3,english,221,ANG,ANG,ANG
english127.mp3,english,127,HAP,HAP,HAP
french53.mp3,french,53,ANG,ANG,ANG
temne1.mp3,temne,1,ANG,ANG,ANG
urdu3.mp3,urdu,3,ANG,ANG,ANG
quechua2.mp3,quechua,2,ANG,ANG,ANG
spanish98.mp3,spanish,98,DIS,DIS,DIS
dutch19.mp3,dutch,19,ANG,ANG,ANG
spanish21.mp3,spanish,21,HAP,HAP,HAP
arabic79.mp3,arabic,79,ANG,ANG,ANG
english203.mp3,english,203,ANG,ANG,ANG
french26.mp3,french,26,ANG,ANG,ANG
somali3.mp3,somali,3,DIS,DIS,DIS
korean40.mp3,korean,40,ANG,ANG,ANG
portuguese8.mp3,portuguese,8,ANG,ANG,ANG
spanish82.mp3,spanish,82,DIS,DIS,DIS
amharic19.mp3,amharic,19,ANG,ANG,ANG
bamun1.mp3,bamun,1,HAP,HAP,HAP
vietnamese7.mp3,vietnamese,7,DIS,DIS,DIS
english516.mp3,english,516,HAP,HAP,HAP
naxi1.mp3,naxi,1,ANG,ANG,ANG
english178.mp3,english,178,DIS,DIS,DIS
bengali13.mp3,bengali,13,ANG,ANG,ANG
english47.mp3,english,47,ANG,ANG,ANG
telugu1.mp3,telugu,1,HAP,HAP,HAP
bavarian2.mp3,bavarian,2,ANG,ANG,ANG
portuguese10.mp3,portuguese,10,HAP,HAP,HAP
english109.mp3,english,109,ANG,ANG,ANG
english284.mp3,english,284,HAP,HAP,HAP
tagalog4.mp3,tagalog,4,ANG,ANG,ANG
english51.mp3,english,51,ANG,ANG,ANG
spanish8.mp3,spanish,8,HAP,HAP,HAP
tswana1.mp3,tswana,1,DIS,DIS,DIS
english547.mp3,english,547,ANG,ANG,ANG
mongolian7.mp3,mongolian,7,ANG,ANG,ANG
cantonese12.mp3,cantonese,12,ANG,ANG,ANG
vietnamese9.mp3,vietnamese,9,DIS,DIS,DIS
english17.mp3,english,17,HAP,HAP,HAP
faroese1.mp3,faroese,1,NEU,NEU,NEU
german7.mp3,german,7,ANG,ANG,ANG
basque2.mp3,basque,2,HAP,HAP,HAP
english133.mp3,english,133,ANG,ANG,ANG
portuguese5.mp3,portuguese,5,DIS,DIS,DIS
portuguese27.mp3,portuguese,27,ANG,ANG,ANG
basque1.mp3,basque,1,DIS,DIS,DIS
english60.mp3,english,60,HAP,HAP,HAP
english38.mp3,english,38,ANG,ANG,ANG
english509.mp3,english,509,DIS,DIS,DIS
thai1.mp3,thai,1,ANG,ANG,ANG
french59.mp3,french,59,ANG,ANG,ANG
krio6.mp3,krio,6,ANG,ANG,ANG
norwegian1.mp3,norwegian,1,ANG,ANG,ANG
portuguese34.mp3,portuguese,34,HAP,HAP,HAP
mongolian5.mp3,mongolian,5,DIS,DIS,DIS
hebrew6.mp3,hebrew,6,HAP,HAP,HAP
english451.mp3,english,451,DIS,DIS,DIS
thai14.mp3,thai,14,DIS,DIS,DIS
hungarian9.mp3,hungarian,9,DIS,DIS,DIS
english152.mp3,english,152,ANG,ANG,ANG
ganda1.mp3,ganda,1,DIS,DIS,DIS
spanish62.mp3,spanish,62,HAP,HAP,HAP
spanish11.mp3,spanish,11,HAP,HAP,HAP
english228.mp3,english,228,DIS,DIS,DIS
armenian8.mp3,armenian,8,HAP,HAP,HAP
japanese7.mp3,japanese,7,ANG,ANG,ANG
fanti3.mp3,fanti,3,ANG,ANG,ANG
romanian5.mp3,romanian,5,DIS,DIS,DIS
bengali14.mp3,bengali,14,DIS,DIS,DIS
urdu12.mp3,urdu,12,DIS,DIS,DIS
russian14.mp3,russian,14,DIS,DIS,DIS
cantonese1.mp3,cantonese,1,DIS,DIS,DIS
english172.mp3,english,172,DIS,DIS,DIS
english296.mp3,english,296,DIS,DIS,DIS
khmer7.mp3,khmer,7,DIS,DIS,DIS
spanish160.mp3,spanish,160,DIS,DIS,DIS
danish5.mp3,danish,5,ANG,ANG,ANG
english402.mp3,english,402,ANG,ANG,ANG
english264.mp3,english,264,DIS,DIS,DIS
japanese24.mp3,japanese,24,ANG,ANG,ANG
russian39.mp3,russian,39,ANG,ANG,ANG
french39.mp3,french,39,DIS,DIS,DIS
english98.mp3,english,98,DIS,DIS,DIS
english524.mp3,english,524,DIS,DIS,DIS
serbian4.mp3,serbian,4,ANG,ANG,ANG
french1.mp3,french,1,HAP,HAP,HAP
turkish15.mp3,turkish,15,FEA,FEA,FEA
swedish1.mp3,swedish,1,DIS,DIS,DIS
kiswahili1.mp3,kiswahili,1,SAD,SAD,SAD
mandarin47.mp3,mandarin,47,ANG,ANG,ANG
ga3.mp3,ga,3,HAP,HAP,HAP
farsi1.mp3,farsi,1,DIS,DIS,DIS
korean17.mp3,korean,17,DIS,DIS,DIS
english304.mp3,english,304,DIS,DIS,DIS
bengali16.mp3,bengali,16,ANG,ANG,ANG
english324.mp3,english,324,ANG,ANG,ANG
russian25.mp3,russian,25,DIS,DIS,DIS
polish25.mp3,polish,25,HAP,HAP,HAP
baga1.mp3,baga,1,ANG,ANG,ANG
finnish6.mp3,finnish,6,ANG,ANG,ANG
lao2.mp3,lao,2,DIS,DIS,DIS
finnish7.mp3,finnish,7,ANG,ANG,ANG
polish27.mp3,polish,27,HAP,HAP,HAP
english538.mp3,english,538,ANG,ANG,ANG
english214.mp3,english,214,NEU,NEU,NEU
english245.mp3,english,245,HAP,HAP,HAP
portuguese45.mp3,portuguese,45,ANG,ANG,ANG
spanish143.mp3,spanish,143,DIS,DIS,DIS
english522.mp3,english,522,ANG,ANG,ANG
english34.mp3,english,34,ANG,ANG,ANG
yupik1.mp3,yupik,1,DIS,DIS,DIS
malayalam3.mp3,malayalam,3,HAP,HAP,HAP
finnish5.mp3,finnish,5,HAP,HAP,HAP
turkish6.mp3,turkish,6,HAP,HAP,HAP
korean39.mp3,korean,39,DIS,DIS,DIS
twi6.mp3,twi,6,DIS,DIS,DIS
spanish142.mp3,spanish,142,HAP,HAP,HAP
english113.mp3,english,113,ANG,ANG,ANG
swedish12.mp3,swedish,12,HAP,HAP,HAP
french28.mp3,french,28,DIS,DIS,DIS
turkish18.mp3,turkish,18,DIS,DIS,DIS
english237.mp3,english,237,ANG,ANG,ANG
greek3.mp3,greek,3,HAP,HAP,HAP
ukrainian8.mp3,ukrainian,8,DIS,DIS,DIS
english23.mp3,english,23,ANG,ANG,ANG
english303.mp3,english,303,ANG,ANG,ANG
arabic86.mp3,arabic,86,ANG,ANG,ANG
arabic87.mp3,arabic,87,ANG,ANG,ANG
garifuna1.mp3,garifuna,1,ANG,ANG,ANG
hungarian4.mp3,hungarian,4,DIS,DIS,DIS
armenian4.mp3,armenian,4,ANG,ANG,ANG
arabic78.mp3,arabic,78,HAP,HAP,HAP
norwegian4.mp3,norwegian,4,DIS,DIS,DIS
czech3.mp3,czech,3,ANG,ANG,ANG
english495.mp3,english,495,FEA,FEA,FEA
english190.mp3,english,190,ANG,ANG,ANG
english339.mp3,english,339,DIS,DIS,DIS
croatian3.mp3,croatian,3,ANG,ANG,ANG
english416.mp3,english,416,DIS,DIS,DIS
arabic43.mp3,arabic,43,ANG,ANG,ANG
albanian5.mp3,albanian,5,DIS,DIS,DIS
french13.mp3,french,13,ANG,ANG,ANG
english213.mp3,english,213,HAP,HAP,HAP
japanese20.mp3,japanese,20,ANG,ANG,ANG
hungarian3.mp3,hungarian,3,HAP,HAP,HAP
german36.mp3,german,36,ANG,ANG,ANG
rotuman2.mp3,rotuman,2,ANG,ANG,ANG
vietnamese3.mp3,vietnamese,3,HAP,HAP,HAP
english508.mp3,english,508,DIS,DIS,DIS
arabic42.mp3,arabic,42,DIS,DIS,DIS
spanish57.mp3,spanish,57,DIS,DIS,DIS
korean31.mp3,korean,31,ANG,ANG,ANG
english75.mp3,english,75,ANG,ANG,ANG
dutch32.mp3,dutch,32,SAD,SAD,SAD
english499.mp3,english,499,ANG,ANG,ANG
quechua1.mp3,quechua,1,ANG,ANG,ANG
english196.mp3,english,196,DIS,DIS,DIS
greek7.mp3,greek,7,DIS,DIS,DIS
english198.mp3,english,198,DIS,DIS,DIS
portuguese26.mp3,portuguese,26,DIS,DIS,DIS
bulgarian17.mp3,bulgarian,17,ANG,ANG,ANG
tigrigna6.mp3,tigrigna,6,DIS,DIS,DIS
pohnpeian1.mp3,pohnpeian,1,DIS,DIS,DIS
albanian1.mp3,albanian,1,HAP,HAP,HAP
vietnamese10.mp3,vietnamese,10,DIS,DIS,DIS
italian32.mp3,italian,32,DIS,DIS,DIS
spanish118.mp3,spanish,118,ANG,ANG,ANG
english501.mp3,english,501,ANG,ANG,ANG
english295.mp3,english,295,ANG,ANG,ANG
hindi12.mp3,hindi,12,HAP,HAP,HAP
urdu9.mp3,urdu,9,HAP,HAP,HAP
spanish55.mp3,spanish,55,ANG,ANG,ANG
nepali1.mp3,nepali,1,ANG,ANG,ANG
cantonese6.mp3,cantonese,6,DIS,DIS,DIS
mandarin5.mp3,mandarin,5,ANG,ANG,ANG
tagalog16.mp3,tagalog,16,HAP,HAP,HAP
telugu2.mp3,telugu,2,DIS,DIS,DIS
ewe1.mp3,ewe,1,ANG,ANG,ANG
spanish146.mp3,spanish,146,DIS,DIS,DIS
uzbek3.mp3,uzbek,3,ANG,ANG,ANG
english391.mp3,english,391,DIS,DIS,DIS
arabic76.mp3,arabic,76,ANG,ANG,ANG
ukrainian6.mp3,ukrainian,6,HAP,HAP,HAP
cantonese11.mp3,cantonese,11,ANG,ANG,ANG
english171.mp3,english,171,DIS,DIS,DIS
vlaams3.mp3,vlaams,3,HAP,HAP,HAP
spanish106.mp3,spanish,106,ANG,ANG,ANG
macedonian1.mp3,macedonian,1,DIS,DIS,DIS
english187.mp3,english,187,ANG,ANG,ANG
english384.mp3,english,384,DIS,DIS,DIS
spanish29.mp3,spanish,29,DIS,DIS,DIS
english337.mp3,english,337,ANG,ANG,ANG
fijian3.mp3,fijian,3,ANG,ANG,ANG
japanese9.mp3,japanese,9,DIS,DIS,DIS
polish21.mp3,polish,21,ANG,ANG,ANG
swedish13.mp3,swedish,13,ANG,ANG,ANG
english502.mp3,english,502,HAP,HAP,HAP
dinka1.mp3,dinka,1,DIS,DIS,DIS
thai11.mp3,thai,11,SAD,SAD,SAD
english267.mp3,english,267,DIS,DIS,DIS
belarusan2.mp3,belarusan,2,ANG,ANG,ANG
hebrew8.mp3,hebrew,8,NEU,NEU,NEU
korean52.mp3,korean,52,ANG,ANG,ANG
english217.mp3,english,217,DIS,DIS,DIS
arabic83.mp3,arabic,83,DIS,DIS,DIS
swedish14.mp3,swedish,14,DIS,DIS,DIS
russian32.mp3,russian,32,ANG,ANG,ANG
portuguese43.mp3,portuguese,43,DIS,DIS,DIS
english157.mp3,english,157,ANG,ANG,ANG
arabic67.mp3,arabic,67,DIS,DIS,DIS
urdu4.mp3,urdu,4,DIS,DIS,DIS
bambara1.mp3,bambara,1,ANG,ANG,ANG
portuguese13.mp3,portuguese,13,HAP,HAP,HAP
tagalog3.mp3,tagalog,3,HAP,HAP,HAP
mongolian3.mp3,mongolian,3,DIS,DIS,DIS
farsi15.mp3,farsi,15,HAP,HAP,HAP
arabic11.mp3,arabic,11,ANG,ANG,ANG
yoruba4.mp3,yoruba,4,DIS,DIS,DIS
english425.mp3,english,425,DIS,DIS,DIS
english182.mp3,english,182,ANG,ANG,ANG
english216.mp3,english,216,DIS,DIS,DIS
japanese15.mp3,japanese,15,NEU,NEU,NEU
english500.mp3,english,500,DIS,DIS,DIS
miskito5.mp3,miskito,5,ANG,ANG,ANG
bulgarian18.mp3,bulgarian,18,ANG,ANG,ANG
german17.mp3,german,17,DIS,DIS,DIS
italian14.mp3,italian,14,HAP,HAP,HAP
arabic28.mp3,arabic,28,ANG,ANG,ANG
thai13.mp3,thai,13,ANG,ANG,ANG
korean44.mp3,korean,44,DIS,DIS,DIS
hungarian7.mp3,hungarian,7,ANG,ANG,ANG
swedish15.mp3,swedish,15,ANG,ANG,ANG
cantonese18.mp3,cantonese,18,HAP,HAP,HAP
arabic97.mp3,arabic,97,ANG,ANG,ANG
irish1.mp3,irish,1,ANG,ANG,ANG
dutch43.mp3,dutch,43,ANG,ANG,ANG
korean16.mp3,korean,16,ANG,ANG,ANG
kambaata3.mp3,kambaata,3,DIS,DIS,DIS
thai4.mp3,thai,4,ANG,ANG,ANG
polish23.mp3,polish,23,HAP,HAP,HAP
georgian4.mp3,georgian,4,DIS,DIS,DIS
gusii2.mp3,gusii,2,DIS,DIS,DIS
english166.mp3,english,166,DIS,DIS,DIS
english11.mp3,english,11,ANG,ANG,ANG
fataluku1.mp3,fataluku,1,DIS,DIS,DIS
english285.mp3,english,285,DIS,DIS,DIS
russian35.mp3,russian,35,HAP,HAP,HAP
portuguese12.mp3,portuguese,12,ANG,ANG,ANG
dutch18.mp3,dutch,18,DIS,DIS,DIS
english4.mp3,english,4,HAP,HAP,HAP
english519.mp3,english,519,ANG,ANG,ANG
malay5.mp3,malay,5,ANG,ANG,ANG
english242.mp3,english,242,ANG,ANG,ANG
english539.mp3,english,539,ANG,ANG,ANG
english162.mp3,english,162,ANG,ANG,ANG
korean49.mp3,korean,49,HAP,HAP,HAP
portuguese18.mp3,portuguese,18,ANG,ANG,ANG
mandarin11.mp3,mandarin,11,DIS,DIS,DIS
danish6.mp3,danish,6,DIS,DIS,DIS
english340.mp3,english,340,ANG,ANG,ANG
portuguese41.mp3,portuguese,41,ANG,ANG,ANG
spanish122.mp3,spanish,122,DIS,DIS,DIS
swedish7.mp3,swedish,7,ANG,ANG,ANG
english91.mp3,english,91,HAP,HAP,HAP
spanish123.mp3,spanish,123,ANG,ANG,ANG
amazigh2.mp3,amazigh,2,HAP,HAP,HAP
pashto6.mp3,pashto,6,DIS,DIS,DIS
dutch45.mp3,dutch,45,HAP,HAP,HAP
english286.mp3,english,286,ANG,ANG,ANG
thai3.mp3,thai,3,HAP,HAP,HAP
spanish128.mp3,spanish,128,HAP,HAP,HAP
sicilian1.mp3,sicilian,1,DIS,DIS,DIS
dutch44.mp3,dutch,44,ANG,ANG,ANG
swedish4.mp3,swedish,4,DIS,DIS,DIS
indonesian7.mp3,indonesian,7,HAP,HAP,HAP
arabic33.mp3,arabic,33,ANG,ANG,ANG
russian31.mp3,russian,31,DIS,DIS,DIS
english89.mp3,english,89,HAP,HAP,HAP
vietnamese8.mp3,vietnamese,8,DIS,DIS,DIS
english441.mp3,english,441,ANG,ANG,ANG
english197.mp3,english,197,ANG,ANG,ANG
polish6.mp3,polish,6,ANG,ANG,ANG
english181.mp3,english,181,HAP,HAP,HAP
swedish18.mp3,swedish,18,DIS,DIS,DIS
tagalog18.mp3,tagalog,18,ANG,ANG,ANG
romanian9.mp3,romanian,9,DIS,DIS,DIS
english223.mp3,english,223,ANG,ANG,ANG
kikuyu3.mp3,kikuyu,3,DIS,DIS,DIS
english445.mp3,english,445,ANG,ANG,ANG
german20.mp3,german,20,DIS,DIS,DIS
french60.mp3,french,60,ANG,ANG,ANG
indonesian3.mp3,indonesian,3,ANG,ANG,ANG
italian22.mp3,italian,22,ANG,ANG,ANG
russian47.mp3,russian,47,ANG,ANG,ANG
urdu2.mp3,urdu,2,DIS,DIS,DIS
german4.mp3,german,4,HAP,HAP,HAP
english150.mp3,english,150,ANG,ANG,ANG
spanish27.mp3,spanish,27,ANG,ANG,ANG
portuguese19.mp3,portuguese,19,HAP,HAP,HAP
english159.mp3,english,159,ANG,ANG,ANG
serbian8.mp3,serbian,8,DIS,DIS,DIS
english557.mp3,english,557,ANG,ANG,ANG
oromo2.mp3,oromo,2,DIS,DIS,DIS
english281.mp3,english,281,DIS,DIS,DIS
english504.mp3,english,504,ANG,ANG,ANG
arabic7.mp3,arabic,7,ANG,ANG,ANG
pulaar2.mp3,pulaar,2,DIS,DIS,DIS
amharic14.mp3,amharic,14,DIS,DIS,DIS
english343.mp3,english,343,DIS,DIS,DIS
pashto8.mp3,pashto,8,DIS,DIS,DIS
ebira1.mp3,ebira,1,DIS,DIS,DIS
romanian13.mp3,romanian,13,DIS,DIS,DIS
english399.mp3,english,399,DIS,DIS,DIS
english455.mp3,english,455,ANG,ANG,ANG
bari2.mp3,bari,2,DIS,DIS,DIS
english413.mp3,english,413,ANG,ANG,ANG
taiwanese7.mp3,taiwanese,7,DIS,DIS,DIS
italian28.mp3,italian,28,HAP,HAP,HAP
carolinian1.mp3,carolinian,1,DIS,DIS,DIS
serbian3.mp3,serbian,3,DIS,DIS,DIS
farsi13.mp3,farsi,13,DIS,DIS,DIS
english350.mp3,english,350,DIS,DIS,DIS
portuguese17.mp3,portuguese,17,DIS,DIS,DIS
spanish133.mp3,spanish,133,HAP,HAP,HAP
russian5.mp3,russian,5,ANG,ANG,ANG
spanish3.mp3,spanish,3,HAP,HAP,HAP
tajiki2.mp3,tajiki,2,ANG,ANG,ANG
xiang3.mp3,xiang,3,ANG,ANG,ANG
azerbaijani1.mp3,azerbaijani,1,ANG,ANG,ANG
english390.mp3,english,390,DIS,DIS,DIS
marathi1.mp3,marathi,1,HAP,HAP,HAP
somali2.mp3,somali,2,DIS,DIS,DIS
english272.mp3,english,272,ANG,ANG,ANG
english518.mp3,english,518,DIS,DIS,DIS
khmer4.mp3,khmer,4,ANG,ANG,ANG
spanish75.mp3,spanish,75,ANG,ANG,ANG
mandarin51.mp3,mandarin,51,DIS,DIS,DIS
italian25.mp3,italian,25,DIS,DIS,DIS
english494.mp3,english,494,ANG,ANG,ANG
chaldean2.mp3,chaldean,2,ANG,ANG,ANG
english431.mp3,english,431,ANG,ANG,ANG
spanish66.mp3,spanish,66,ANG,ANG,ANG
kannada1.mp3,kannada,1,DIS,DIS,DIS
nepali8.mp3,nepali,8,DIS,DIS,DIS
greek14.mp3,greek,14,DIS,DIS,DIS
arabic47.mp3,arabic,47,DIS,DIS,DIS
english527.mp3,english,527,ANG,ANG,ANG
arabic84.mp3,arabic,84,ANG,ANG,ANG
spanish69.mp3,spanish,69,ANG,ANG,ANG
korean1.mp3,korean,1,ANG,ANG,ANG
italian17.mp3,italian,17,DIS,DIS,DIS
hindi13.mp3,hindi,13,ANG,ANG,ANG
mandingo1.mp3,mandingo,1,HAP,HAP,HAP
indonesian6.mp3,indonesian,6,HAP,HAP,HAP
chichewa1.mp3,chichewa,1,DIS,DIS,DIS
danish3.mp3,danish,3,DIS,DIS,DIS
sindhi1.mp3,sindhi,1,DIS,DIS,DIS
bulgarian6.mp3,bulgarian,6,HAP,HAP,HAP
english309.mp3,english,309,ANG,ANG,ANG
spanish13.mp3,spanish,13,DIS,DIS,DIS
english471.mp3,english,471,DIS,DIS,DIS
norwegian6.mp3,norwegian,6,DIS,DIS,DIS
armenian5.mp3,armenian,5,ANG,ANG,ANG
dutch24.mp3,dutch,24,ANG,ANG,ANG
hindi16.mp3,hindi,16,ANG,ANG,ANG
russian2.mp3,russian,2,DIS,DIS,DIS
english92.mp3,english,92,ANG,ANG,ANG
portuguese36.mp3,portuguese,36,ANG,ANG,ANG
arabic12.mp3,arabic,12,HAP,HAP,HAP
lithuanian3.mp3,lithuanian,3,ANG,ANG,ANG
english299.mp3,english,299,DIS,DIS,DIS
tigrigna8.mp3,tigrigna,8,DIS,DIS,DIS
amharic20.mp3,amharic,20,ANG,ANG,ANG
italian10.mp3,italian,10,DIS,DIS,DIS
spanish7.mp3,spanish,7,ANG,ANG,ANG
english176.mp3,english,176,HAP,HAP,HAP
mandinka1.mp3,mandinka,1,DIS,DIS,DIS
korean19.mp3,korean,19,ANG,ANG,ANG
mandarin20.mp3,mandarin,20,DIS,DIS,DIS
lao3.mp3,lao,3,DIS,DIS,DIS
gujarati8.mp3,gujarati,8,ANG,ANG,ANG
georgian1.mp3,georgian,1,HAP,HAP,HAP
spanish103.mp3,spanish,103,HAP,HAP,HAP
english485.mp3,english,485,DIS,DIS,DIS
punjabi7.mp3,punjabi,7,DIS,DIS,DIS
icelandic1.mp3,icelandic,1,DIS,DIS,DIS
portuguese40.mp3,portuguese,40,DIS,DIS,DIS
spanish101.mp3,spanish,101,ANG,ANG,ANG
nepali4.mp3,nepali,4,DIS,DIS,DIS
hindi3.mp3,hindi,3,DIS,DIS,DIS
malayalam1.mp3,malayalam,1,HAP,HAP,HAP
english164.mp3,english,164,DIS,DIS,DIS
uyghur1.mp3,uyghur,1,HAP,HAP,HAP
french10.mp3,french,10,ANG,ANG,ANG
english338.mp3,english,338,HAP,HAP,HAP
english525.mp3,english,525,ANG,ANG,ANG
hainanese1.mp3,hainanese,1,DIS,DIS,DIS
mauritian1.mp3,mauritian,1,ANG,ANG,ANG
arabic53.mp3,arabic,53,DIS,DIS,DIS
spanish157.mp3,spanish,157,ANG,ANG,ANG
english368.mp3,english,368,ANG,ANG,ANG
english55.mp3,english,55,ANG,ANG,ANG
english130.mp3,english,130,DIS,DIS,DIS
pashto7.mp3,pashto,7,DIS,DIS,DIS
wolof1.mp3,wolof,1,DIS,DIS,DIS
german5.mp3,german,5,HAP,HAP,HAP
polish31.mp3,polish,31,DIS,DIS,DIS
spanish152.mp3,spanish,152,DIS,DIS,DIS
mauritian2.mp3,mauritian,2,DIS,DIS,DIS
mandarin29.mp3,mandarin,29,ANG,ANG,ANG
english410.mp3,english,410,ANG,ANG,ANG
english496.mp3,english,496,NEU,NEU,NEU
spanish20.mp3,spanish,20,ANG,ANG,ANG
cantonese4.mp3,cantonese,4,ANG,ANG,ANG
japanese12.mp3,japanese,12,ANG,ANG,ANG
macedonian8.mp3,macedonian,8,ANG,ANG,ANG
cantonese16.mp3,cantonese,16,ANG,ANG,ANG
spanish63.mp3,spanish,63,ANG,ANG,ANG
english488.mp3,english,488,ANG,ANG,ANG
gujarati9.mp3,gujarati,9,HAP,HAP,HAP
french18.mp3,french,18,HAP,HAP,HAP
spanish162.mp3,spanish,162,DIS,DIS,DIS
spanish129.mp3,spanish,129,ANG,ANG,ANG
english536.mp3,english,536,ANG,ANG,ANG
portuguese21.mp3,portuguese,21,ANG,ANG,ANG
turkish4.mp3,turkish,4,ANG,ANG,ANG
turkish16.mp3,turkish,16,ANG,ANG,ANG
dutch1.mp3,dutch,1,HAP,HAP,HAP
english261.mp3,english,261,DIS,DIS,DIS
indonesian8.mp3,indonesian,8,HAP,HAP,HAP
bengali3.mp3,bengali,3,ANG,ANG,ANG
japanese4.mp3,japanese,4,DIS,DIS,DIS
english248.mp3,english,248,ANG,ANG,ANG
russian44.mp3,russian,44,ANG,ANG,ANG
farsi17.mp3,farsi,17,ANG,ANG,ANG
korean3.mp3,korean,3,ANG,ANG,ANG
dutch12.mp3,dutch,12,DIS,DIS,DIS
ibibio3.mp3,ibibio,3,DIS,DIS,DIS
gedeo1.mp3,gedeo,1,DIS,DIS,DIS
english329.mp3,english,329,ANG,ANG,ANG
sardinian1.mp3,sardinian,1,ANG,ANG,ANG
bulgarian3.mp3,bulgarian,3,ANG,ANG,ANG
italian20.mp3,italian,20,DIS,DIS,DIS
english14.mp3,english,14,HAP,HAP,HAP
english349.mp3,english,349,ANG,ANG,ANG
english302.mp3,english,302,ANG,ANG,ANG
english293.mp3,english,293,HAP,HAP,HAP
cantonese14.mp3,cantonese,14,ANG,ANG,ANG
turkish33.mp3,turkish,33,ANG,ANG,ANG
english185.mp3,english,185,DIS,DIS,DIS
english332.mp3,english,332,ANG,ANG,ANG
urdu16.mp3,urdu,16,DIS,DIS,DIS
arabic1.mp3,arabic,1,ANG,ANG,ANG
turkish8.mp3,turkish,8,DIS,DIS,DIS
spanish138.mp3,spanish,138,ANG,ANG,ANG
danish2.mp3,danish,2,ANG,ANG,ANG
afrikaans2.mp3,afrikaans,2,ANG,ANG,ANG
fanti1.mp3,fanti,1,ANG,ANG,ANG
german6.mp3,german,6,ANG,ANG,ANG
german18.mp3,german,18,ANG,ANG,ANG
english268.mp3,english,268,DIS,DIS,DIS
mandarin65.mp3,mandarin,65,ANG,ANG,ANG
english48.mp3,english,48,DIS,DIS,DIS
english394.mp3,english,394,ANG,ANG,ANG
english3.mp3,english,3,ANG,ANG,ANG
slovenian1.mp3,slovenian,1,ANG,ANG,ANG
spanish42.mp3,spanish,42,DIS,DIS,DIS
cantonese20.mp3,cantonese,20,ANG,ANG,ANG
english403.mp3,english,403,ANG,ANG,ANG
german24.mp3,german,24,DIS,DIS,DIS
english542.mp3,english,542,DIS,DIS,DIS
vietnamese22.mp3,vietnamese,22,ANG,ANG,ANG
english20.mp3,english,20,ANG,ANG,ANG
spanish73.mp3,spanish,73,ANG,ANG,ANG
mandarin25.mp3,mandarin,25,ANG,ANG,ANG
arabic46.mp3,arabic,46,DIS,DIS,DIS
cantonese5.mp3,cantonese,5,ANG,ANG,ANG
spanish86.mp3,spanish,86,DIS,DIS,DIS
bulgarian9.mp3,bulgarian,9,DIS,DIS,DIS
english68.mp3,english,68,ANG,ANG,ANG
sarua1.mp3,sarua,1,DIS,DIS,DIS
arabic39.mp3,arabic,39,DIS,DIS,DIS
english369.mp3,english,369,ANG,ANG,ANG
turkmen1.mp3,turkmen,1,DIS,DIS,DIS
english287.mp3,english,287,ANG,ANG,ANG
spanish158.mp3,spanish,158,DIS,DIS,DIS
dari5.mp3,dari,5,ANG,ANG,ANG
swedish16.mp3,swedish,16,ANG,ANG,ANG
sinhala6.mp3,sinhala,6,ANG,ANG,ANG
shilluk1.mp3,shilluk,1,DIS,DIS,DIS
german27.mp3,german,27,DIS,DIS,DIS
icelandic3.mp3,icelandic,3,ANG,ANG,ANG
hungarian8.mp3,hungarian,8,ANG,ANG,ANG
kiswahili5.mp3,kiswahili,5,DIS,DIS,DIS
english193.mp3,english,193,DIS,DIS,DIS
albanian8.mp3,albanian,8,DIS,DIS,DIS
vietnamese6.mp3,vietnamese,6,HAP,HAP,HAP
hausa9.mp3,hausa,9,DIS,DIS,DIS
portuguese39.mp3,portuguese,39,ANG,ANG,ANG
french44.mp3,french,44,ANG,ANG,ANG
taiwanese4.mp3,taiwanese,4,HAP,HAP,HAP
arabic21.mp3,arabic,21,ANG,ANG,ANG
english16.mp3,english,16,DIS,DIS,DIS
nepali5.mp3,nepali,5,ANG,ANG,ANG
german9.mp3,german,9,HAP,HAP,HAP
english313.mp3,english,313,ANG,ANG,ANG
english379.mp3,english,379,DIS,DIS,DIS
portuguese15.mp3,portuguese,15,HAP,HAP,HAP
english482.mp3,english,482,DIS,DIS,DIS
macedonian5.mp3,macedonian,5,ANG,ANG,ANG
burmese1.mp3,burmese,1,ANG,ANG,ANG
english555.mp3,english,555,DIS,DIS,DIS
english357.mp3,english,357,DIS,DIS,DIS
english370.mp3,english,370,HAP,HAP,HAP
english330.mp3,english,330,ANG,ANG,ANG
italian23.mp3,italian,23,HAP,HAP,HAP
serbian17.mp3,serbian,17,ANG,ANG,ANG
afrikaans3.mp3,afrikaans,3,DIS,DIS,DIS
mandarin8.mp3,mandarin,8,DIS,DIS,DIS
kirghiz1.mp3,kirghiz,1,ANG,ANG,ANG
polish26.mp3,polish,26,DIS,DIS,DIS
thai2.mp3,thai,2,DIS,DIS,DIS
amharic5.mp3,amharic,5,ANG,ANG,ANG
mandarin53.mp3,mandarin,53,ANG,ANG,ANG
wolof3.mp3,wolof,3,DIS,DIS,DIS
dutch28.mp3,dutch,28,ANG,ANG,ANG
english465.mp3,english,465,DIS,DIS,DIS
mandarin3.mp3,mandarin,3,DIS,DIS,DIS
arabic82.mp3,arabic,82,HAP,HAP,HAP
yiddish4.mp3,yiddish,4,DIS,DIS,DIS
amharic17.mp3,amharic,17,DIS,DIS,DIS
spanish22.mp3,spanish,22,ANG,ANG,ANG
serbian10.mp3,serbian,10,DIS,DIS,DIS
english532.mp3,english,532,ANG,ANG,ANG
spanish72.mp3,spanish,72,ANG,ANG,ANG
gujarati1.mp3,gujarati,1,DIS,DIS,DIS
english427.mp3,english,427,ANG,ANG,ANG
english473.mp3,english,473,HAP,HAP,HAP
macedonian15.mp3,macedonian,15,ANG,ANG,ANG
english553.mp3,english,553,DIS,DIS,DIS
english156.mp3,english,156,HAP,HAP,HAP
cantonese15.mp3,cantonese,15,ANG,ANG,ANG
arabic10.mp3,arabic,10,HAP,HAP,HAP
french17.mp3,french,17,DIS,DIS,DIS
spanish47.mp3,spanish,47,ANG,ANG,ANG
swedish17.mp3,swedish,17,ANG,ANG,ANG
mandarin61.mp3,mandarin,61,ANG,ANG,ANG
sa'a1.mp3,sa'a,1,DIS,DIS,DIS
japanese5.mp3,japanese,5,ANG,ANG,ANG
tatar1.mp3,tatar,1,HAP,HAP,HAP
czech2.mp3,czech,2,ANG,ANG,ANG
turkish29.mp3,turkish,29,ANG,ANG,ANG
french25.mp3,french,25,ANG,ANG,ANG
english289.mp3,english,289,ANG,ANG,ANG
romanian1.mp3,romanian,1,ANG,ANG,ANG
english177.mp3,english,177,ANG,ANG,ANG
english41.mp3,english,41,HAP,HAP,HAP
french30.mp3,french,30,DIS,DIS,DIS
english475.mp3,english,475,ANG,ANG,ANG
dutch46.mp3,dutch,46,ANG,ANG,ANG
german25.mp3,german,25,HAP,HAP,HAP
spanish52.mp3,spanish,52,ANG,ANG,ANG
kikongo2.mp3,kikongo,2,DIS,DIS,DIS
english407.mp3,english,407,ANG,ANG,ANG
spanish84.mp3,spanish,84,ANG,ANG,ANG
english440.mp3,english,440,ANG,ANG,ANG
ga1.mp3,ga,1,DIS,DIS,DIS
czech6.mp3,czech,6,DIS,DIS,DIS
english408.mp3,english,408,ANG,ANG,ANG
vietnamese19.mp3,vietnamese,19,DIS,DIS,DIS
english200.mp3,english,200,ANG,ANG,ANG
spanish149.mp3,spanish,149,ANG,ANG,ANG
vietnamese2.mp3,vietnamese,2,DIS,DIS,DIS
english77.mp3,english,77,ANG,ANG,ANG
english353.mp3,english,353,ANG,ANG,ANG
spanish137.mp3,spanish,137,ANG,ANG,ANG
arabic13.mp3,arabic,13,ANG,ANG,ANG
portuguese6.mp3,portuguese,6,DIS,DIS,DIS
english232.mp3,english,232,ANG,ANG,ANG
korean45.mp3,korean,45,ANG,ANG,ANG
hebrew4.mp3,hebrew,4,HAP,HAP,HAP
hindi1.mp3,hindi,1,DIS,DIS,DIS
english336.mp3,english,336,ANG,ANG,ANG
italian5.mp3,italian,5,DIS,DIS,DIS
arabic25.mp3,arabic,25,DIS,DIS,DIS
arabic98.mp3,arabic,98,ANG,ANG,ANG
arabic58.mp3,arabic,58,DIS,DIS,DIS
mandarin17.mp3,mandarin,17,ANG,ANG,ANG
hebrew5.mp3,hebrew,5,DIS,DIS,DIS
serbian12.mp3,serbian,12,ANG,ANG,ANG
italian18.mp3,italian,18,ANG,ANG,ANG
hindi6.mp3,hindi,6,ANG,ANG,ANG
arabic5.mp3,arabic,5,ANG,ANG,ANG
russian43.mp3,russian,43,ANG,ANG,ANG
english506.mp3,english,506,ANG,ANG,ANG
mongolian6.mp3,mongolian,6,ANG,ANG,ANG
spanish111.mp3,spanish,111,HAP,HAP,HAP
hindi10.mp3,hindi,10,ANG,ANG,ANG
mandarin35.mp3,mandarin,35,ANG,ANG,ANG
russian28.mp3,russian,28,DIS,DIS,DIS
swedish20.mp3,swedish,20,DIS,DIS,DIS
fanti2.mp3,fanti,2,DIS,DIS,DIS
english351.mp3,english,351,ANG,ANG,ANG
mankanya1.mp3,mankanya,1,DIS,DIS,DIS
hindi9.mp3,hindi,9,ANG,ANG,ANG
nuer1.mp3,nuer,1,DIS,DIS,DIS
english170.mp3,english,170,HAP,HAP,HAP
macedonian10.mp3,macedonian,10,ANG,ANG,ANG
russian34.mp3,russian,34,DIS,DIS,DIS
dutch16.mp3,dutch,16,ANG,ANG,ANG
english225.mp3,english,225,DIS,DIS,DIS
japanese6.mp3,japanese,6,ANG,ANG,ANG
arabic48.mp3,arabic,48,DIS,DIS,DIS
spanish140.mp3,spanish,140,ANG,ANG,ANG
bulgarian7.mp3,bulgarian,7,ANG,ANG,ANG
amharic3.mp3,amharic,3,DIS,DIS,DIS
mandarin45.mp3,mandarin,45,ANG,ANG,ANG
pashto10.mp3,pashto,10,ANG,ANG,ANG
macedonian14.mp3,macedonian,14,ANG,ANG,ANG
russian16.mp3,russian,16,DIS,DIS,DIS
arabic95.mp3,arabic,95,ANG,ANG,ANG
urdu5.mp3,urdu,5,HAP,HAP,HAP
english124.mp3,english,124,ANG,ANG,ANG
portuguese25.mp3,portuguese,25,ANG,ANG,ANG
english325.mp3,english,325,ANG,ANG,ANG
english236.mp3,english,236,DIS,DIS,DIS
english31.mp3,english,31,ANG,ANG,ANG
agni1.mp3,agni,1,DIS,DIS,DIS
croatian5.mp3,croatian,5,ANG,ANG,ANG
indonesian1.mp3,indonesian,1,HAP,HAP,HAP
serbian5.mp3,serbian,5,DIS,DIS,DIS
hadiyya2.mp3,hadiyya,2,DIS,DIS,DIS
english24.mp3,english,24,DIS,DIS,DIS
azerbaijani2.mp3,azerbaijani,2,ANG,ANG,ANG
german30.mp3,german,30,DIS,DIS,DIS
korean25.mp3,korean,25,ANG,ANG,ANG
miskito4.mp3,miskito,4,DIS,DIS,DIS
portuguese35.mp3,portuguese,35,HAP,HAP,HAP
korean34.mp3,korean,34,DIS,DIS,DIS
farsi9.mp3,farsi,9,DIS,DIS,DIS
marathi2.mp3,marathi,2,HAP,HAP,HAP
farsi14.mp3,farsi,14,ANG,ANG,ANG
english421.mp3,english,421,HAP,HAP,HAP
cantonese23.mp3,cantonese,23,HAP,HAP,HAP
arabic61.mp3,arabic,61,DIS,DIS,DIS
mandarin58.mp3,mandarin,58,ANG,ANG,ANG
mandarin28.mp3,mandarin,28,HAP,HAP,HAP
english457.mp3,english,457,ANG,ANG,ANG
macedonian19.mp3,macedonian,19,ANG,ANG,ANG
macedonian21.mp3,macedonian,21,ANG,ANG,ANG
romanian4.mp3,romanian,4,DIS,DIS,DIS
arabic59.mp3,arabic,59,ANG,ANG,ANG
english119.mp3,english,119,DIS,DIS,DIS
english167.mp3,english,167,DIS,DIS,DIS
mandarin24.mp3,mandarin,24,ANG,ANG,ANG
english373.mp3,english,373,DIS,DIS,DIS
turkish22.mp3,turkish,22,DIS,DIS,DIS
english191.mp3,english,191,ANG,ANG,ANG
bai1.mp3,bai,1,DIS,DIS,DIS
english545.mp3,english,545,HAP,HAP,HAP
spanish45.mp3,spanish,45,DIS,DIS,DIS
english423.mp3,english,423,DIS,DIS,DIS
slovak4.mp3,slovak,4,ANG,ANG,ANG
dutch5.mp3,dutch,5,DIS,DIS,DIS
thai7.mp3,thai,7,ANG,ANG,ANG
danish1.mp3,danish,1,ANG,ANG,ANG
english132.mp3,english,132,ANG,ANG,ANG
japanese17.mp3,japanese,17,ANG,ANG,ANG
serbian15.mp3,serbian,15,DIS,DIS,DIS
macedonian18.mp3,macedonian,18,ANG,ANG,ANG
kiswahili4.mp3,kiswahili,4,ANG,ANG,ANG
english523.mp3,english,523,ANG,ANG,ANG
english22.mp3,english,22,ANG,ANG,ANG
malayalam4.mp3,malayalam,4,ANG,ANG,ANG
mandarin41.mp3,mandarin,41,ANG,ANG,ANG
korean13.mp3,korean,13,DIS,DIS,DIS
english58.mp3,english,58,ANG,ANG,ANG
hausa6.mp3,hausa,6,DIS,DIS,DIS
english359.mp3,english,359,ANG,ANG,ANG
cantonese3.mp3,cantonese,3,DIS,DIS,DIS
swedish19.mp3,swedish,19,ANG,ANG,ANG
krio1.mp3,krio,1,DIS,DIS,DIS
arabic32.mp3,arabic,32,DIS,DIS,DIS
english305.mp3,english,305,ANG,ANG,ANG
spanish24.mp3,spanish,24,NEU,NEU,NEU
french24.mp3,french,24,HAP,HAP,HAP
mandarin1.mp3,mandarin,1,ANG,ANG,ANG
spanish151.mp3,spanish,151,DIS,DIS,DIS
moore1.mp3,moore,1,DIS,DIS,DIS
portuguese37.mp3,portuguese,37,DIS,DIS,DIS
greek5.mp3,greek,5,DIS,DIS,DIS
korean11.mp3,korean,11,ANG,ANG,ANG
ukrainian2.mp3,ukrainian,2,ANG,ANG,ANG
synthesized1.mp3,synthesized,1,DIS,DIS,DIS
english397.mp3,english,397,DIS,DIS,DIS
english39.mp3,english,39,DIS,DIS,DIS
serbian18.mp3,serbian,18,DIS,DIS,DIS
english210.mp3,english,210,DIS,DIS,DIS
english238.mp3,english,238,HAP,HAP,HAP
english12.mp3,english,12,DIS,DIS,DIS
kurdish2.mp3,kurdish,2,DIS,DIS,DIS
english417.mp3,english,417,ANG,ANG,ANG
portuguese32.mp3,portuguese,32,ANG,ANG,ANG
spanish1.mp3,spanish,1,ANG,ANG,ANG
japanese18.mp3,japanese,18,DIS,DIS,DIS
arabic91.mp3,arabic,91,ANG,ANG,ANG
georgian2.mp3,georgian,2,ANG,ANG,ANG
english347.mp3,english,347,ANG,ANG,ANG
english453.mp3,english,453,ANG,ANG,ANG
english93.mp3,english,93,ANG,ANG,ANG
mongolian8.mp3,mongolian,8,DIS,DIS,DIS
mandarin21.mp3,mandarin,21,ANG,ANG,ANG
arabic41.mp3,arabic,41,DIS,DIS,DIS
taiwanese5.mp3,taiwanese,5,DIS,DIS,DIS
french31.mp3,french,31,DIS,DIS,DIS
english526.mp3,english,526,ANG,ANG,ANG
french51.mp3,french,51,HAP,HAP,HAP
bulgarian5.mp3,bulgarian,5,DIS,DIS,DIS
mandarin4.mp3,mandarin,4,DIS,DIS,DIS
russian15.mp3,russian,15,ANG,ANG,ANG
croatian2.mp3,croatian,2,DIS,DIS,DIS
afrikaans1.mp3,afrikaans,1,ANG,ANG,ANG
arabic70.mp3,arabic,70,DIS,DIS,DIS
english108.mp3,english,108,NEU,NEU,NEU
english131.mp3,english,131,HAP,HAP,HAP
mandarin42.mp3,mandarin,42,HAP,HAP,HAP
amharic18.mp3,amharic,18,ANG,ANG,ANG
english529.mp3,english,529,ANG,ANG,ANG
turkish2.mp3,turkish,2,ANG,ANG,ANG
filipino2.mp3,filipino,2,ANG,ANG,ANG
dutch35.mp3,dutch,35,ANG,ANG,ANG
georgian5.mp3,georgian,5,DIS,DIS,DIS
romanian8.mp3,romanian,8,DIS,DIS,DIS
arabic17.mp3,arabic,17,ANG,ANG,ANG
nepali7.mp3,nepali,7,DIS,DIS,DIS
russian46.mp3,russian,46,HAP,HAP,HAP
english251.mp3,english,251,DIS,DIS,DIS
korean51.mp3,korean,51,DIS,DIS,DIS
ga6.mp3,ga,6,ANG,ANG,ANG
spanish120.mp3,spanish,120,ANG,ANG,ANG
english63.mp3,english,63,ANG,ANG,ANG
hindi14.mp3,hindi,14,ANG,ANG,ANG
korean26.mp3,korean,26,ANG,ANG,ANG
korean4.mp3,korean,4,HAP,HAP,HAP
french52.mp3,french,52,ANG,ANG,ANG
spanish70.mp3,spanish,70,ANG,ANG,ANG
spanish71.mp3,spanish,71,DIS,DIS,DIS
hindi2.mp3,hindi,2,FEA,FEA,FEA
turkish12.mp3,turkish,12,DIS,DIS,DIS
armenian6.mp3,armenian,6,DIS,DIS,DIS
punjabi4.mp3,punjabi,4,ANG,ANG,ANG
english71.mp3,english,71,DIS,DIS,DIS
english62.mp3,english,62,ANG,ANG,ANG
korean22.mp3,korean,22,ANG,ANG,ANG
english520.mp3,english,520,HAP,HAP,HAP
english472.mp3,english,472,HAP,HAP,HAP
hausa3.mp3,hausa,3,ANG,ANG,ANG
moba1.mp3,moba,1,DIS,DIS,DIS
twi1.mp3,twi,1,ANG,ANG,ANG
english184.mp3,english,184,ANG,ANG,ANG
hebrew7.mp3,hebrew,7,HAP,HAP,HAP
turkish24.mp3,turkish,24,DIS,DIS,DIS
english497.mp3,english,497,DIS,DIS,DIS
english333.mp3,english,333,ANG,ANG,ANG
english543.mp3,english,543,ANG,ANG,ANG
kurdish4.mp3,kurdish,4,DIS,DIS,DIS
tamil1.mp3,tamil,1,DIS,DIS,DIS
dutch41.mp3,dutch,41,DIS,DIS,DIS
english418.mp3,english,418,DIS,DIS,DIS
greek4.mp3,greek,4,ANG,ANG,ANG
spanish31.mp3,spanish,31,DIS,DIS,DIS
spanish99.mp3,spanish,99,DIS,DIS,DIS
spanish74.mp3,spanish,74,ANG,ANG,ANG
spanish35.mp3,spanish,35,HAP,HAP,HAP
english50.mp3,english,50,ANG,ANG,ANG
spanish95.mp3,spanish,95,DIS,DIS,DIS
spanish56.mp3,spanish,56,DIS,DIS,DIS
taiwanese3.mp3,taiwanese,3,ANG,ANG,ANG
english575.mp3,english,575,ANG,ANG,ANG
russian36.mp3,russian,36,ANG,ANG,ANG
japanese10.mp3,japanese,10,DIS,DIS,DIS
french34.mp3,french,34,DIS,DIS,DIS
english105.mp3,english,105,ANG,ANG,ANG
english279.mp3,english,279,ANG,ANG,ANG
spanish115.mp3,spanish,115,DIS,DIS,DIS
nepali6.mp3,nepali,6,DIS,DIS,DIS
english186.mp3,english,186,ANG,ANG,ANG
arabic38.mp3,arabic,38,ANG,ANG,ANG
english365.mp3,english,365,ANG,ANG,ANG
english165.mp3,english,165,ANG,ANG,ANG
english568.mp3,english,568,ANG,ANG,ANG
english271.mp3,english,271,ANG,ANG,ANG
arabic75.mp3,arabic,75,HAP,HAP,HAP
english112.mp3,english,112,ANG,ANG,ANG
spanish43.mp3,spanish,43,ANG,ANG,ANG
italian3.mp3,italian,3,HAP,HAP,HAP
japanese19.mp3,japanese,19,DIS,DIS,DIS
english205.mp3,english,205,HAP,HAP,HAP
mandarin55.mp3,mandarin,55,ANG,ANG,ANG
mongolian2.mp3,mongolian,2,DIS,DIS,DIS
macedonian12.mp3,macedonian,12,ANG,ANG,ANG
papiamentu1.mp3,papiamentu,1,ANG,ANG,ANG
macedonian7.mp3,macedonian,7,ANG,ANG,ANG
english388.mp3,english,388,DIS,DIS,DIS
arabic57.mp3,arabic,57,ANG,ANG,ANG
spanish153.mp3,spanish,153,DIS,DIS,DIS
spanish10.mp3,spanish,10,HAP,HAP,HAP
english348.mp3,english,348,ANG,ANG,ANG
arabic3.mp3,arabic,3,DIS,DIS,DIS
spanish91.mp3,spanish,91,ANG,ANG,ANG
korean21.mp3,korean,21,DIS,DIS,DIS
german33.mp3,german,33,DIS,DIS,DIS
mandarin54.mp3,mandarin,54,ANG,ANG,ANG
mandarin18.mp3,mandarin,18,ANG,ANG,ANG
susu1.mp3,susu,1,DIS,DIS,DIS
spanish132.mp3,spanish,132,ANG,ANG,ANG
punjabi1.mp3,punjabi,1,HAP,HAP,HAP
english252.mp3,english,252,DIS,DIS,DIS
mende3.mp3,mende,3,DIS,DIS,DIS
english361.mp3,english,361,ANG,ANG,ANG
english354.mp3,english,354,NEU,NEU,NEU
english169.mp3,english,169,HAP,HAP,HAP
arabic90.mp3,arabic,90,ANG,ANG,ANG
english513.mp3,english,513,DIS,DIS,DIS
spanish6.mp3,spanish,6,DIS,DIS,DIS
dutch38.mp3,dutch,38,ANG,ANG,ANG
english376.mp3,english,376,HAP,HAP,HAP
turkish25.mp3,turkish,25,DIS,DIS,DIS
miskito3.mp3,miskito,3,ANG,ANG,ANG
german19.mp3,german,19,ANG,ANG,ANG
spanish48.mp3,spanish,48,HAP,HAP,HAP
romanian18.mp3,romanian,18,ANG,ANG,ANG
hindko1.mp3,hindko,1,DIS,DIS,DIS
english342.mp3,english,342,ANG,ANG,ANG
spanish77.mp3,spanish,77,ANG,ANG,ANG
pulaar1.mp3,pulaar,1,DIS,DIS,DIS
spanish23.mp3,spanish,23,DIS,DIS,DIS
kikuyu1.mp3,kikuyu,1,DIS,DIS,DIS
english306.mp3,english,306,ANG,ANG,ANG
xiang4.mp3,xiang,4,ANG,ANG,ANG
english571.mp3,english,571,HAP,HAP,HAP
hausa8.mp3,hausa,8,DIS,DIS,DIS
english406.mp3,english,406,DIS,DIS,DIS
english10.mp3,english,10,HAP,HAP,HAP
somali6.mp3,somali,6,DIS,DIS,DIS
finnish2.mp3,finnish,2,NEU,NEU,NEU
english27.mp3,english,27,ANG,ANG,ANG
nepali11.mp3,nepali,11,HAP,HAP,HAP
yiddish2.mp3,yiddish,2,HAP,HAP,HAP
english111.mp3,english,111,DIS,DIS,DIS
bavarian1.mp3,bavarian,1,ANG,ANG,ANG
arabic40.mp3,arabic,40,DIS,DIS,DIS
english57.mp3,english,57,DIS,DIS,DIS
english400.mp3,english,400,ANG,ANG,ANG
mandarin56.mp3,mandarin,56,ANG,ANG,ANG
english561.mp3,english,561,ANG,ANG,ANG
ife1.mp3,ife,1,DIS,DIS,DIS
english110.mp3,english,110,ANG,ANG,ANG
kikuyu2.mp3,kikuyu,2,HAP,HAP,HAP
english320.mp3,english,320,DIS,DIS,DIS
russian21.mp3,russian,21,DIS,DIS,DIS
italian19.mp3,italian,19,ANG,ANG,ANG
french42.mp3,french,42,HAP,HAP,HAP
zulu1.mp3,zulu,1,ANG,ANG,ANG
rotuman1.mp3,rotuman,1,DIS,DIS,DIS
english1.mp3,english,1,ANG,ANG,ANG
english432.mp3,english,432,ANG,ANG,ANG
swedish6.mp3,swedish,6,NEU,NEU,NEU
romanian15.mp3,romanian,15,HAP,HAP,HAP
portuguese1.mp3,portuguese,1,ANG,ANG,ANG
thai5.mp3,thai,5,ANG,ANG,ANG
vietnamese14.mp3,vietnamese,14,DIS,DIS,DIS
dutch29.mp3,dutch,29,NEU,NEU,NEU
spanish161.mp3,spanish,161,DIS,DIS,DIS
english255.mp3,english,255,ANG,ANG,ANG
english415.mp3,english,415,NEU,NEU,NEU
english554.mp3,english,554,HAP,HAP,HAP
arabic18.mp3,arabic,18,ANG,ANG,ANG
bulgarian10.mp3,bulgarian,10,DIS,DIS,DIS
burmese2.mp3,burmese,2,ANG,ANG,ANG
farsi22.mp3,farsi,22,ANG,ANG,ANG
english44.mp3,english,44,ANG,ANG,ANG
oriya1.mp3,oriya,1,ANG,ANG,ANG
croatian7.mp3,croatian,7,ANG,ANG,ANG
tagalog1.mp3,tagalog,1,NEU,NEU,NEU
macedonian25.mp3,macedonian,25,ANG,ANG,ANG
spanish15.mp3,spanish,15,FEA,FEA,FEA
malay2.mp3,malay,2,DIS,DIS,DIS
turkish5.mp3,turkish,5,HAP,HAP,HAP
bosnian3.mp3,bosnian,3,ANG,ANG,ANG
english121.mp3,english,121,DIS,DIS,DIS
english318.mp3,english,318,HAP,HAP,HAP
russian29.mp3,russian,29,DIS,DIS,DIS
english134.mp3,english,134,ANG,ANG,ANG
uyghur2.mp3,uyghur,2,DIS,DIS,DIS
thai6.mp3,thai,6,DIS,DIS,DIS
indonesian2.mp3,indonesian,2,DIS,DIS,DIS
korean29.mp3,korean,29,ANG,ANG,ANG
english78.mp3,english,78,ANG,ANG,ANG
spanish59.mp3,spanish,59,DIS,DIS,DIS
urdu8.mp3,urdu,8,ANG,ANG,ANG
urdu10.mp3,urdu,10,DIS,DIS,DIS
hausa4.mp3,hausa,4,DIS,DIS,DIS
kiswahili8.mp3,kiswahili,8,DIS,DIS,DIS
english120.mp3,english,120,DIS,DIS,DIS
english579.mp3,english,579,HAP,HAP,HAP
portuguese9.mp3,portuguese,9,DIS,DIS,DIS
english405.mp3,english,405,HAP,HAP,HAP
english37.mp3,english,37,ANG,ANG,ANG
spanish60.mp3,spanish,60,DIS,DIS,DIS
russian6.mp3,russian,6,ANG,ANG,ANG
english294.mp3,english,294,ANG,ANG,ANG
english396.mp3,english,396,DIS,DIS,DIS
pashto9.mp3,pashto,9,ANG,ANG,ANG
english477.mp3,english,477,DIS,DIS,DIS
english352.mp3,english,352,ANG,ANG,ANG
tamil3.mp3,tamil,3,ANG,ANG,ANG
arabic102.mp3,arabic,102,ANG,ANG,ANG
english517.mp3,english,517,HAP,HAP,HAP
french62.mp3,french,62,ANG,ANG,ANG
english243.mp3,english,243,DIS,DIS,DIS
english474.mp3,english,474,ANG,ANG,ANG
bosnian6.mp3,bosnian,6,ANG,ANG,ANG
english155.mp3,english,155,ANG,ANG,ANG
english274.mp3,english,274,ANG,ANG,ANG
french20.mp3,french,20,DIS,DIS,DIS
tagalog12.mp3,tagalog,12,ANG,ANG,ANG
lithuanian5.mp3,lithuanian,5,ANG,ANG,ANG
turkish1.mp3,turkish,1,ANG,ANG,ANG
romanian19.mp3,romanian,19,DIS,DIS,DIS
polish5.mp3,polish,5,ANG,ANG,ANG
arabic77.mp3,arabic,77,ANG,ANG,ANG
english87.mp3,english,87,HAP,HAP,HAP
bosnian1.mp3,bosnian,1,DIS,DIS,DIS
ngemba2.mp3,ngemba,2,DIS,DIS,DIS
japanese3.mp3,japanese,3,ANG,ANG,ANG
english74.mp3,english,74,DIS,DIS,DIS
xasonga1.mp3,xasonga,1,DIS,DIS,DIS
spanish65.mp3,spanish,65,DIS,DIS,DIS
croatian8.mp3,croatian,8,DIS,DIS,DIS
french12.mp3,french,12,ANG,ANG,ANG
turkish13.mp3,turkish,13,ANG,ANG,ANG
french38.mp3,french,38,HAP,HAP,HAP
taishan1.mp3,taishan,1,ANG,ANG,ANG
amharic16.mp3,amharic,16,DIS,DIS,DIS
arabic96.mp3,arabic,96,DIS,DIS,DIS
fijian2.mp3,fijian,2,ANG,ANG,ANG
hungarian2.mp3,hungarian,2,ANG,ANG,ANG
dutch30.mp3,dutch,30,HAP,HAP,HAP
korean23.mp3,korean,23,DIS,DIS,DIS
english141.mp3,english,141,DIS,DIS,DIS
romanian10.mp3,romanian,10,DIS,DIS,DIS
oriya2.mp3,oriya,2,HAP,HAP,HAP
miskito1.mp3,miskito,1,DIS,DIS,DIS
spanish102.mp3,spanish,102,HAP,HAP,HAP
english215.mp3,english,215,ANG,ANG,ANG
tigrigna1.mp3,tigrigna,1,HAP,HAP,HAP
nepali2.mp3,nepali,2,DIS,DIS,DIS
italian12.mp3,italian,12,DIS,DIS,DIS
english54.mp3,english,54,HAP,HAP,HAP
korean37.mp3,korean,37,ANG,ANG,ANG
turkish31.mp3,turkish,31,ANG,ANG,ANG
arabic72.mp3,arabic,72,ANG,ANG,ANG
english29.mp3,english,29,ANG,ANG,ANG
luxembourgeois1.mp3,luxembourgeois,1,ANG,ANG,ANG
swedish10.mp3,swedish,10,ANG,ANG,ANG
arabic49.mp3,arabic,49,DIS,DIS,DIS
latvian1.mp3,latvian,1,HAP,HAP,HAP
estonian2.mp3,estonian,2,ANG,ANG,ANG
japanese13.mp3,japanese,13,ANG,ANG,ANG
farsi20.mp3,farsi,20,DIS,DIS,DIS
catalan1.mp3,catalan,1,DIS,DIS,DIS
cantonese17.mp3,cantonese,17,ANG,ANG,ANG
arabic65.mp3,arabic,65,ANG,ANG,ANG
russian26.mp3,russian,26,ANG,ANG,ANG
portuguese20.mp3,portuguese,20,ANG,ANG,ANG
english478.mp3,english,478,ANG,ANG,ANG
chaldean1.mp3,chaldean,1,ANG,ANG,ANG
english551.mp3,english,551,ANG,ANG,ANG
japanese26.mp3,japanese,26,ANG,ANG,ANG
dutch13.mp3,dutch,13,ANG,ANG,ANG
english492.mp3,english,492,HAP,HAP,HAP
mandarin57.mp3,mandarin,57,ANG,ANG,ANG
mandarin46.mp3,mandarin,46,ANG,ANG,ANG
belarusan3.mp3,belarusan,3,HAP,HAP,HAP
greek6.mp3,greek,6,DIS,DIS,DIS
turkish36.mp3,turkish,36,ANG,ANG,ANG
amharic6.mp3,amharic,6,ANG,ANG,ANG
kurdish8.mp3,kurdish,8,DIS,DIS,DIS
english28.mp3,english,28,HAP,HAP,HAP
albanian4.mp3,albanian,4,DIS,DIS,DIS
english168.mp3,english,168,HAP,HAP,HAP
greek1.mp3,greek,1,DIS,DIS,DIS
serbian6.mp3,serbian,6,DIS,DIS,DIS
spanish58.mp3,spanish,58,ANG,ANG,ANG
english549.mp3,english,549,ANG,ANG,ANG
lao1.mp3,lao,1,ANG,ANG,ANG
english135.mp3,english,135,HAP,HAP,HAP
russian37.mp3,russian,37,HAP,HAP,HAP
synthesized3.mp3,synthesized,3,ANG,ANG,ANG
spanish34.mp3,spanish,34,DIS,DIS,DIS
hebrew1.mp3,hebrew,1,HAP,HAP,HAP
luo1.mp3,luo,1,ANG,ANG,ANG
english563.mp3,english,563,DIS,DIS,DIS
synthesized2.mp3,synthesized,2,ANG,ANG,ANG
italian24.mp3,italian,24,ANG,ANG,ANG
farsi16.mp3,farsi,16,HAP,HAP,HAP
english189.mp3,english,189,ANG,ANG,ANG
english209.mp3,english,209,DIS,DIS,DIS
croatian1.mp3,croatian,1,ANG,ANG,ANG
russian18.mp3,russian,18,HAP,HAP,HAP
arabic56.mp3,arabic,56,ANG,ANG,ANG
english356.mp3,english,356,ANG,ANG,ANG
english363.mp3,english,363,DIS,DIS,DIS
turkish3.mp3,turkish,3,ANG,ANG,ANG
serbian7.mp3,serbian,7,ANG,ANG,ANG
english552.mp3,english,552,ANG,ANG,ANG
malay1.mp3,malay,1,ANG,ANG,ANG
romanian6.mp3,romanian,6,DIS,DIS,DIS
hungarian6.mp3,hungarian,6,DIS,DIS,DIS
russian3.mp3,russian,3,DIS,DIS,DIS
japanese16.mp3,japanese,16,ANG,ANG,ANG
english211.mp3,english,211,HAP,HAP,HAP
spanish37.mp3,spanish,37,ANG,ANG,ANG
swedish2.mp3,swedish,2,DIS,DIS,DIS
macedonian16.mp3,macedonian,16,ANG,ANG,ANG
tagalog2.mp3,tagalog,2,ANG,ANG,ANG
polish28.mp3,polish,28,ANG,ANG,ANG
english511.mp3,english,511,ANG,ANG,ANG
english36.mp3,english,36,HAP,HAP,HAP
kiswahili9.mp3,kiswahili,9,ANG,ANG,ANG
bengali1.mp3,bengali,1,HAP,HAP,HAP
polish20.mp3,polish,20,ANG,ANG,ANG
english42.mp3,english,42,DIS,DIS,DIS
twi4.mp3,twi,4,DIS,DIS,DIS
dutch21.mp3,dutch,21,ANG,ANG,ANG
english67.mp3,english,67,DIS,DIS,DIS
english26.mp3,english,26,DIS,DIS,DIS
english195.mp3,english,195,ANG,ANG,ANG
tagalog8.mp3,tagalog,8,ANG,ANG,ANG
finnish3.mp3,finnish,3,DIS,DIS,DIS
english79.mp3,english,79,ANG,ANG,ANG
english269.mp3,english,269,ANG,ANG,ANG
spanish134.mp3,spanish,134,HAP,HAP,HAP
portuguese24.mp3,portuguese,24,ANG,ANG,ANG
english541.mp3,english,541,ANG,ANG,ANG
english275.mp3,english,275,ANG,ANG,ANG
russian33.mp3,russian,33,ANG,ANG,ANG
russian13.mp3,russian,13,DIS,DIS,DIS
english226.mp3,english,226,DIS,DIS,DIS
english95.mp3,english,95,HAP,HAP,HAP
english114.mp3,english,114,HAP,HAP,HAP
albanian6.mp3,albanian,6,NEU,NEU,NEU
dutch7.mp3,dutch,7,DIS,DIS,DIS
bosnian4.mp3,bosnian,4,DIS,DIS,DIS
kikuyu4.mp3,kikuyu,4,HAP,HAP,HAP
bosnian2.mp3,bosnian,2,DIS,DIS,DIS
italian33.mp3,italian,33,HAP,HAP,HAP
arabic66.mp3,arabic,66,DIS,DIS,DIS
arabic27.mp3,arabic,27,DIS,DIS,DIS
mandarin7.mp3,mandarin,7,DIS,DIS,DIS
english573.mp3,english,573,DIS,DIS,DIS
uzbek1.mp3,uzbek,1,ANG,ANG,ANG
amharic8.mp3,amharic,8,DIS,DIS,DIS
english100.mp3,english,100,ANG,ANG,ANG
croatian4.mp3,croatian,4,DIS,DIS,DIS
spanish141.mp3,spanish,141,DIS,DIS,DIS
portuguese16.mp3,portuguese,16,DIS,DIS,DIS
dutch10.mp3,dutch,10,HAP,HAP,HAP
french45.mp3,french,45,DIS,DIS,DIS
bengali4.mp3,bengali,4,HAP,HAP,HAP
spanish18.mp3,spanish,18,ANG,ANG,ANG
spanish32.mp3,spanish,32,DIS,DIS,DIS
mandarin62.mp3,mandarin,62,HAP,HAP,HAP
english249.mp3,english,249,ANG,ANG,ANG
hungarian5.mp3,hungarian,5,DIS,DIS,DIS
punjabi6.mp3,punjabi,6,DIS,DIS,DIS
english578.mp3,english,578,ANG,ANG,ANG
english572.mp3,english,572,DIS,DIS,DIS
spanish28.mp3,spanish,28,ANG,ANG,ANG
bosnian8.mp3,bosnian,8,DIS,DIS,DIS
czech9.mp3,czech,9,DIS,DIS,DIS
italian30.mp3,italian,30,HAP,HAP,HAP
oromo3.mp3,oromo,3,DIS,DIS,DIS
cantonese9.mp3,cantonese,9,DIS,DIS,DIS
english375.mp3,english,375,ANG,ANG,ANG
turkish35.mp3,turkish,35,ANG,ANG,ANG
polish1.mp3,polish,1,DIS,DIS,DIS
punjabi9.mp3,punjabi,9,DIS,DIS,DIS
macedonian2.mp3,macedonian,2,DIS,DIS,DIS
english458.mp3,english,458,NEU,NEU,NEU
english266.mp3,english,266,ANG,ANG,ANG
somali1.mp3,somali,1,DIS,DIS,DIS
amazigh1.mp3,amazigh,1,DIS,DIS,DIS
hindi5.mp3,hindi,5,DIS,DIS,DIS
spanish2.mp3,spanish,2,DIS,DIS,DIS
english314.mp3,english,314,HAP,HAP,HAP
kambaata2.mp3,kambaata,2,DIS,DIS,DIS
korean20.mp3,korean,20,ANG,ANG,ANG
korean10.mp3,korean,10,DIS,DIS,DIS
nepali10.mp3,nepali,10,ANG,ANG,ANG
english160.mp3,english,160,ANG,ANG,ANG
english311.mp3,english,311,ANG,ANG,ANG
miskito7.mp3,miskito,7,ANG,ANG,ANG
bosnian5.mp3,bosnian,5,ANG,ANG,ANG
english466.mp3,english,466,ANG,ANG,ANG
gan1.mp3,gan,1,DIS,DIS,DIS
english310.mp3,english,310,ANG,ANG,ANG
mongolian1.mp3,mongolian,1,ANG,ANG,ANG
english241.mp3,english,241,ANG,ANG,ANG
tamil6.mp3,tamil,6,ANG,ANG,ANG
portuguese11.mp3,portuguese,11,ANG,ANG,ANG
italian1.mp3,italian,1,HAP,HAP,HAP
english414.mp3,english,414,ANG,ANG,ANG
korean9.mp3,korean,9,HAP,HAP,HAP
english484.mp3,english,484,HAP,HAP,HAP
korean15.mp3,korean,15,DIS,DIS,DIS
portuguese3.mp3,portuguese,3,HAP,HAP,HAP
polish18.mp3,polish,18,ANG,ANG,ANG
spanish127.mp3,spanish,127,ANG,ANG,ANG
english498.mp3,english,498,DIS,DIS,DIS
english101.mp3,english,101,DIS,DIS,DIS
french63.mp3,french,63,ANG,ANG,ANG
korean18.mp3,korean,18,DIS,DIS,DIS
spanish119.mp3,spanish,119,HAP,HAP,HAP
nepali9.mp3,nepali,9,DIS,DIS,DIS
french33.mp3,french,33,ANG,ANG,ANG
arabic16.mp3,arabic,16,ANG,ANG,ANG
turkish14.mp3,turkish,14,SAD,SAD,SAD
mandarin40.mp3,mandarin,40,ANG,ANG,ANG
portuguese33.mp3,portuguese,33,ANG,ANG,ANG
maltese1.mp3,maltese,1,HAP,HAP,HAP
mandarin27.mp3,mandarin,27,HAP,HAP,HAP
khmer1.mp3,khmer,1,ANG,ANG,ANG
arabic19.mp3,arabic,19,DIS,DIS,DIS
english257.mp3,english,257,DIS,DIS,DIS
albanian9.mp3,albanian,9,ANG,ANG,ANG
english412.mp3,english,412,DIS,DIS,DIS
french11.mp3,french,11,HAP,HAP,HAP
spanish17.mp3,spanish,17,ANG,ANG,ANG
ukrainian10.mp3,ukrainian,10,ANG,ANG,ANG
japanese22.mp3,japanese,22,HAP,HAP,HAP
georgian3.mp3,georgian,3,DIS,DIS,DIS
english149.mp3,english,149,ANG,ANG,ANG
lithuanian1.mp3,lithuanian,1,HAP,HAP,HAP
bulgarian2.mp3,bulgarian,2,DIS,DIS,DIS
dari1.mp3,dari,1,DIS,DIS,DIS
bengali8.mp3,bengali,8,DIS,DIS,DIS
turkish20.mp3,turkish,20,ANG,ANG,ANG
vietnamese21.mp3,vietnamese,21,ANG,ANG,ANG
arabic30.mp3,arabic,30,ANG,ANG,ANG
macedonian4.mp3,macedonian,4,DIS,DIS,DIS
french41.mp3,french,41,DIS,DIS,DIS
english247.mp3,english,247,HAP,HAP,HAP
vietnamese18.mp3,vietnamese,18,ANG,ANG,ANG
tigrigna3.mp3,tigrigna,3,DIS,DIS,DIS
korean7.mp3,korean,7,NEU,NEU,NEU
english433.mp3,english,433,HAP,HAP,HAP
edo1.mp3,edo,1,DIS,DIS,DIS
bengali17.mp3,bengali,17,DIS,DIS,DIS
spanish112.mp3,spanish,112,DIS,DIS,DIS
bambara2.mp3,bambara,2,ANG,ANG,ANG
spanish53.mp3,spanish,53,ANG,ANG,ANG
bulgarian4.mp3,bulgarian,4,ANG,ANG,ANG
arabic93.mp3,arabic,93,ANG,ANG,ANG
greek2.mp3,greek,2,ANG,ANG,ANG
uzbek2.mp3,uzbek,2,DIS,DIS,DIS
mandarin19.mp3,mandarin,19,ANG,ANG,ANG
ga2.mp3,ga,2,HAP,HAP,HAP
mandarin31.mp3,mandarin,31,ANG,ANG,ANG
bosnian9.mp3,bosnian,9,ANG,ANG,ANG
dutch22.mp3,dutch,22,NEU,NEU,NEU
arabic6.mp3,arabic,6,DIS,DIS,DIS
german2.mp3,german,2,HAP,HAP,HAP
russian17.mp3,russian,17,DIS,DIS,DIS
pashto4.mp3,pashto,4,DIS,DIS,DIS
turkish23.mp3,turkish,23,DIS,DIS,DIS
english40.mp3,english,40,HAP,HAP,HAP
uzbek4.mp3,uzbek,4,ANG,ANG,ANG
dari4.mp3,dari,4,DIS,DIS,DIS
english69.mp3,english,69,HAP,HAP,HAP
tigrigna7.mp3,tigrigna,7,ANG,ANG,ANG
hausa7.mp3,hausa,7,DIS,DIS,DIS
english326.mp3,english,326,DIS,DIS,DIS
english192.mp3,english,192,HAP,HAP,HAP
amharic10.mp3,amharic,10,DIS,DIS,DIS
english5.mp3,english,5,HAP,HAP,HAP
french9.mp3,french,9,DIS,DIS,DIS
english464.mp3,english,464,DIS,DIS,DIS
vietnamese13.mp3,vietnamese,13,DIS,DIS,DIS
mandarin44.mp3,mandarin,44,DIS,DIS,DIS
bengali7.mp3,bengali,7,DIS,DIS,DIS
ngemba1.mp3,ngemba,1,DIS,DIS,DIS
spanish61.mp3,spanish,61,DIS,DIS,DIS
dutch14.mp3,dutch,14,DIS,DIS,DIS
russian11.mp3,russian,11,DIS,DIS,DIS
mandarin2.mp3,mandarin,2,ANG,ANG,ANG
spanish105.mp3,spanish,105,ANG,ANG,ANG
armenian3.mp3,armenian,3,DIS,DIS,DIS
macedonian6.mp3,macedonian,6,ANG,ANG,ANG
japanese21.mp3,japanese,21,ANG,ANG,ANG
english393.mp3,english,393,DIS,DIS,DIS
english253.mp3,english,253,DIS,DIS,DIS
bulgarian11.mp3,bulgarian,11,DIS,DIS,DIS
english52.mp3,english,52,ANG,ANG,ANG
mandarin50.mp3,mandarin,50,ANG,ANG,ANG
english521.mp3,english,521,HAP,HAP,HAP
bambara5.mp3,bambara,5,DIS,DIS,DIS
turkish30.mp3,turkish,30,ANG,ANG,ANG
english574.mp3,english,574,ANG,ANG,ANG
krio5.mp3,krio,5,DIS,DIS,DIS
tagalog6.mp3,tagalog,6,DIS,DIS,DIS
sesotho1.mp3,sesotho,1,DIS,DIS,DIS
vietnamese20.mp3,vietnamese,20,DIS,DIS,DIS
english103.mp3,english,103,HAP,HAP,HAP
kiswahili2.mp3,kiswahili,2,ANG,ANG,ANG
english487.mp3,english,487,DIS,DIS,DIS
cantonese19.mp3,cantonese,19,ANG,ANG,ANG
english229.mp3,english,229,HAP,HAP,HAP
french21.mp3,french,21,HAP,HAP,HAP
urdu15.mp3,urdu,15,ANG,ANG,ANG
english476.mp3,english,476,DIS,DIS,DIS
spanish124.mp3,spanish,124,DIS,DIS,DIS
vietnamese17.mp3,vietnamese,17,ANG,ANG,ANG
punjabi10.mp3,punjabi,10,HAP,HAP,HAP
german1.mp3,german,1,HAP,HAP,HAP
english491.mp3,english,491,HAP,HAP,HAP
albanian2.mp3,albanian,2,DIS,DIS,DIS
vlaams4.mp3,vlaams,4,HAP,HAP,HAP
kazakh1.mp3,kazakh,1,ANG,ANG,ANG
spanish89.mp3,spanish,89,NEU,NEU,NEU
russian19.mp3,russian,19,ANG,ANG,ANG
kiswahili7.mp3,kiswahili,7,DIS,DIS,DIS
english456.mp3,english,456,DIS,DIS,DIS
korean30.mp3,korean,30,ANG,ANG,ANG
english570.mp3,english,570,HAP,HAP,HAP
english142.mp3,english,142,DIS,DIS,DIS
hungarian1.mp3,hungarian,1,ANG,ANG,ANG
arabic89.mp3,arabic,89,DIS,DIS,DIS
english382.mp3,english,382,DIS,DIS,DIS
bulgarian16.mp3,bulgarian,16,ANG,ANG,ANG
english481.mp3,english,481,DIS,DIS,DIS
japanese14.mp3,japanese,14,ANG,ANG,ANG
bulgarian13.mp3,bulgarian,13,DIS,DIS,DIS
french43.mp3,french,43,ANG,ANG,ANG
arabic85.mp3,arabic,85,ANG,ANG,ANG
somali5.mp3,somali,5,DIS,DIS,DIS
dutch33.mp3,dutch,33,ANG,ANG,ANG
taiwanese8.mp3,taiwanese,8,DIS,DIS,DIS
shona2.mp3,shona,2,DIS,DIS,DIS
english129.mp3,english,129,DIS,DIS,DIS
cantonese8.mp3,cantonese,8,ANG,ANG,ANG
english224.mp3,english,224,HAP,HAP,HAP
ibibio1.mp3,ibibio,1,DIS,DIS,DIS
tagalog14.mp3,tagalog,14,DIS,DIS,DIS
english387.mp3,english,387,ANG,ANG,ANG
bengali15.mp3,bengali,15,ANG,ANG,ANG
spanish114.mp3,spanish,114,ANG,ANG,ANG
swedish3.mp3,swedish,3,ANG,ANG,ANG
english218.mp3,english,218,HAP,HAP,HAP
nepali3.mp3,nepali,3,DIS,DIS,DIS
english447.mp3,english,447,ANG,ANG,ANG
dutch15.mp3,dutch,15,ANG,ANG,ANG
yakut1.mp3,yakut,1,ANG,ANG,ANG
krio3.mp3,krio,3,ANG,ANG,ANG
italian6.mp3,italian,6,HAP,HAP,HAP
spanish14.mp3,spanish,14,ANG,ANG,ANG
gujarati4.mp3,gujarati,4,DIS,DIS,DIS
vlaams1.mp3,vlaams,1,HAP,HAP,HAP
mandarin30.mp3,mandarin,30,DIS,DIS,DIS
korean2.mp3,korean,2,ANG,ANG,ANG
greek9.mp3,greek,9,HAP,HAP,HAP
arabic2.mp3,arabic,2,DIS,DIS,DIS
german26.mp3,german,26,DIS,DIS,DIS
english265.mp3,english,265,ANG,ANG,ANG
farsi12.mp3,farsi,12,DIS,DIS,DIS
english126.mp3,english,126,ANG,ANG,ANG
spanish117.mp3,spanish,117,DIS,DIS,DIS
czech5.mp3,czech,5,ANG,ANG,ANG
filipino1.mp3,filipino,1,NEU,NEU,NEU
kiswahili6.mp3,kiswahili,6,DIS,DIS,DIS
english239.mp3,english,239,DIS,DIS,DIS
danish7.mp3,danish,7,ANG,ANG,ANG
english493.mp3,english,493,HAP,HAP,HAP
english505.mp3,english,505,ANG,ANG,ANG
mandarin43.mp3,mandarin,43,HAP,HAP,HAP
norwegian3.mp3,norwegian,3,ANG,ANG,ANG
armenian7.mp3,armenian,7,NEU,NEU,NEU
thai9.mp3,thai,9,ANG,ANG,ANG
english84.mp3,english,84,DIS,DIS,DIS
tagalog10.mp3,tagalog,10,DIS,DIS,DIS
farsi7.mp3,farsi,7,ANG,ANG,ANG
english528.mp3,english,528,ANG,ANG,ANG
spanish81.mp3,spanish,81,DIS,DIS,DIS
french7.mp3,french,7,ANG,ANG,ANG
arabic34.mp3,arabic,34,ANG,ANG,ANG
arabic101.mp3,arabic,101,DIS,DIS,DIS
kazakh2.mp3,kazakh,2,HAP,HAP,HAP
kanuri1.mp3,kanuri,1,ANG,ANG,ANG
english201.mp3,english,201,DIS,DIS,DIS
english435.mp3,english,435,ANG,ANG,ANG
arabic99.mp3,arabic,99,DIS,DIS,DIS
english61.mp3,english,61,ANG,ANG,ANG
spanish130.mp3,spanish,130,ANG,ANG,ANG
english123.mp3,english,123,ANG,ANG,ANG
french36.mp3,french,36,SAD,SAD,SAD
french2.mp3,french,2,DIS,DIS,DIS
nepali13.mp3,nepali,13,ANG,ANG,ANG
french22.mp3,french,22,ANG,ANG,ANG
turkish7.mp3,turkish,7,HAP,HAP,HAP
portuguese48.mp3,portuguese,48,ANG,ANG,ANG
french40.mp3,french,40,ANG,ANG,ANG
slovak2.mp3,slovak,2,HAP,HAP,HAP
spanish108.mp3,spanish,108,DIS,DIS,DIS
english96.mp3,english,96,ANG,ANG,ANG
english335.mp3,english,335,ANG,ANG,ANG
tigrigna4.mp3,tigrigna,4,DIS,DIS,DIS
ga5.mp3,ga,5,DIS,DIS,DIS
german11.mp3,german,11,HAP,HAP,HAP
english380.mp3,english,380,ANG,ANG,ANG
italian27.mp3,italian,27,DIS,DIS,DIS
portuguese47.mp3,portuguese,47,ANG,ANG,ANG
arabic29.mp3,arabic,29,HAP,HAP,HAP
yiddish5.mp3,yiddish,5,DIS,DIS,DIS
english564.mp3,english,564,DIS,DIS,DIS
english327.mp3,english,327,DIS,DIS,DIS
english322.mp3,english,322,ANG,ANG,ANG
kabyle1.mp3,kabyle,1,ANG,ANG,ANG
dutch47.mp3,dutch,47,ANG,ANG,ANG
chittagonian1.mp3,chittagonian,1,DIS,DIS,DIS
cantonese22.mp3,cantonese,22,ANG,ANG,ANG
hindi17.mp3,hindi,17,ANG,ANG,ANG
arabic81.mp3,arabic,81,ANG,ANG,ANG
english83.mp3,english,83,ANG,ANG,ANG
amharic12.mp3,amharic,12,DIS,DIS,DIS
english122.mp3,english,122,ANG,ANG,ANG
ganda2.mp3,ganda,2,DIS,DIS,DIS
miskito8.mp3,miskito,8,DIS,DIS,DIS
spanish155.mp3,spanish,155,DIS,DIS,DIS
french6.mp3,french,6,ANG,ANG,ANG
lithuanian6.mp3,lithuanian,6,ANG,ANG,ANG
german32.mp3,german,32,ANG,ANG,ANG
amharic1.mp3,amharic,1,HAP,HAP,HAP
english278.mp3,english,278,ANG,ANG,ANG
vietnamese12.mp3,vietnamese,12,ANG,ANG,ANG
igbo2.mp3,igbo,2,DIS,DIS,DIS
korean36.mp3,korean,36,DIS,DIS,DIS
english546.mp3,english,546,DIS,DIS,DIS
kazakh3.mp3,kazakh,3,ANG,ANG,ANG
somali4.mp3,somali,4,ANG,ANG,ANG
english234.mp3,english,234,HAP,HAP,HAP
english270.mp3,english,270,ANG,ANG,ANG
korean47.mp3,korean,47,DIS,DIS,DIS
english202.mp3,english,202,ANG,ANG,ANG
english138.mp3,english,138,HAP,HAP,HAP
portuguese2.mp3,portuguese,2,ANG,ANG,ANG
farsi6.mp3,farsi,6,DIS,DIS,DIS
russian8.mp3,russian,8,DIS,DIS,DIS
amharic9.mp3,amharic,9,DIS,DIS,DIS
mandarin15.mp3,mandarin,15,HAP,HAP,HAP
arabic31.mp3,arabic,31,HAP,HAP,HAP
maltese2.mp3,maltese,2,DIS,DIS,DIS
urdu6.mp3,urdu,6,ANG,ANG,ANG
romanian20.mp3,romanian,20,ANG,ANG,ANG
spanish38.mp3,spanish,38,DIS,DIS,DIS
lamaholot1.mp3,lamaholot,1,HAP,HAP,HAP
oromo1.mp3,oromo,1,HAP,HAP,HAP
english469.mp3,english,469,ANG,ANG,ANG
wu1.mp3,wu,1,ANG,ANG,ANG
english450.mp3,english,450,FEA,FEA,FEA
french5.mp3,french,5,ANG,ANG,ANG
english102.mp3,english,102,DIS,DIS,DIS
mandarin38.mp3,mandarin,38,DIS,DIS,DIS
turkish26.mp3,turkish,26,HAP,HAP,HAP
gusii1.mp3,gusii,1,HAP,HAP,HAP
french48.mp3,french,48,DIS,DIS,DIS
english409.mp3,english,409,ANG,ANG,ANG
kambaata1.mp3,kambaata,1,DIS,DIS,DIS
russian27.mp3,russian,27,DIS,DIS,DIS
english319.mp3,english,319,DIS,DIS,DIS
vietnamese5.mp3,vietnamese,5,HAP,HAP,HAP
mandarin48.mp3,mandarin,48,HAP,HAP,HAP
spanish78.mp3,spanish,78,ANG,ANG,ANG
portuguese22.mp3,portuguese,22,DIS,DIS,DIS
english429.mp3,english,429,ANG,ANG,ANG
spanish5.mp3,spanish,5,HAP,HAP,HAP
dutch17.mp3,dutch,17,ANG,ANG,ANG
korean32.mp3,korean,32,ANG,ANG,ANG
tamil4.mp3,tamil,4,ANG,ANG,ANG
turkish32.mp3,turkish,32,ANG,ANG,ANG
english116.mp3,english,116,ANG,ANG,ANG
arabic4.mp3,arabic,4,DIS,DIS,DIS
english220.mp3,english,220,ANG,ANG,ANG
spanish64.mp3,spanish,64,DIS,DIS,DIS
yoruba5.mp3,yoruba,5,DIS,DIS,DIS
spanish94.mp3,spanish,94,HAP,HAP,HAP
amharic11.mp3,amharic,11,ANG,ANG,ANG
arabic69.mp3,arabic,69,HAP,HAP,HAP
dutch9.mp3,dutch,9,ANG,ANG,ANG
spanish145.mp3,spanish,145,DIS,DIS,DIS
mandarin12.mp3,mandarin,12,HAP,HAP,HAP
estonian1.mp3,estonian,1,DIS,DIS,DIS
english53.mp3,english,53,DIS,DIS,DIS
english128.mp3,english,128,ANG,ANG,ANG
english32.mp3,english,32,ANG,ANG,ANG
english411.mp3,english,411,DIS,DIS,DIS
german13.mp3,german,13,ANG,ANG,ANG
english240.mp3,english,240,ANG,ANG,ANG
amharic15.mp3,amharic,15,DIS,DIS,DIS
english277.mp3,english,277,ANG,ANG,ANG
gujarati3.mp3,gujarati,3,ANG,ANG,ANG
teochew1.mp3,teochew,1,ANG,ANG,ANG
english65.mp3,english,65,DIS,DIS,DIS
english173.mp3,english,173,DIS,DIS,DIS
french61.mp3,french,61,HAP,HAP,HAP
french16.mp3,french,16,ANG,ANG,ANG
english560.mp3,english,560,HAP,HAP,HAP
dutch2.mp3,dutch,2,NEU,NEU,NEU
farsi10.mp3,farsi,10,DIS,DIS,DIS
farsi11.mp3,farsi,11,DIS,DIS,DIS
english576.mp3,english,576,ANG,ANG,ANG
english25.mp3,english,25,ANG,ANG,ANG
mandarin37.mp3,mandarin,37,HAP,HAP,HAP
jola1.mp3,jola,1,DIS,DIS,DIS
mende2.mp3,mende,2,HAP,HAP,HAP
english33.mp3,english,33,DIS,DIS,DIS
spanish116.mp3,spanish,116,DIS,DIS,DIS
english15.mp3,english,15,ANG,ANG,ANG
macedonian24.mp3,macedonian,24,ANG,ANG,ANG
english567.mp3,english,567,ANG,ANG,ANG
italian11.mp3,italian,11,ANG,ANG,ANG
nepali12.mp3,nepali,12,ANG,ANG,ANG
thai10.mp3,thai,10,ANG,ANG,ANG
english117.mp3,english,117,ANG,ANG,ANG
turkish9.mp3,turkish,9,DIS,DIS,DIS
mandarin63.mp3,mandarin,63,DIS,DIS,DIS
korean14.mp3,korean,14,ANG,ANG,ANG
polish15.mp3,polish,15,ANG,ANG,ANG
kiswahili3.mp3,kiswahili,3,ANG,ANG,ANG
hebrew2.mp3,hebrew,2,ANG,ANG,ANG
english206.mp3,english,206,ANG,ANG,ANG
english364.mp3,english,364,ANG,ANG,ANG
english9.mp3,english,9,ANG,ANG,ANG
english230.mp3,english,230,ANG,ANG,ANG
english530.mp3,english,530,ANG,ANG,ANG
armenian2.mp3,armenian,2,ANG,ANG,ANG
english263.mp3,english,263,DIS,DIS,DIS
konkani1.mp3,konkani,1,DIS,DIS,DIS
korean42.mp3,korean,42,DIS,DIS,DIS
english449.mp3,english,449,DIS,DIS,DIS
ukrainian3.mp3,ukrainian,3,ANG,ANG,ANG
bafang2.mp3,bafang,2,DIS,DIS,DIS
garifuna2.mp3,garifuna,2,HAP,HAP,HAP
farsi5.mp3,farsi,5,ANG,ANG,ANG
french54.mp3,french,54,ANG,ANG,ANG
greek12.mp3,greek,12,ANG,ANG,ANG
russian20.mp3,russian,20,HAP,HAP,HAP
english6.mp3,english,6,ANG,ANG,ANG
polish11.mp3,polish,11,HAP,HAP,HAP
english76.mp3,english,76,ANG,ANG,ANG
arabic62.mp3,arabic,62,DIS,DIS,DIS
arabic9.mp3,arabic,9,ANG,ANG,ANG
english107.mp3,english,107,DIS,DIS,DIS
turkish34.mp3,turkish,34,ANG,ANG,ANG
armenian1.mp3,armenian,1,ANG,ANG,ANG
dutch4.mp3,dutch,4,ANG,ANG,ANG
spanish90.mp3,spanish,90,HAP,HAP,HAP
tagalog9.mp3,tagalog,9,DIS,DIS,DIS
kurdish7.mp3,kurdish,7,DIS,DIS,DIS
russian30.mp3,russian,30,ANG,ANG,ANG
mende1.mp3,mende,1,DIS,DIS,DIS
catalan2.mp3,catalan,2,ANG,ANG,ANG
tamil2.mp3,tamil,2,ANG,ANG,ANG
korean48.mp3,korean,48,DIS,DIS,DIS
english99.mp3,english,99,ANG,ANG,ANG
bengali11.mp3,bengali,11,ANG,ANG,ANG
romanian12.mp3,romanian,12,DIS,DIS,DIS
dutch40.mp3,dutch,40,NEU,NEU,NEU
english443.mp3,english,443,DIS,DIS,DIS
mandarin26.mp3,mandarin,26,ANG,ANG,ANG
english430.mp3,english,430,HAP,HAP,HAP
spanish88.mp3,spanish,88,ANG,ANG,ANG
english64.mp3,english,64,ANG,ANG,ANG
polish32.mp3,polish,32,DIS,DIS,DIS
hadiyya1.mp3,hadiyya,1,DIS,DIS,DIS
spanish113.mp3,spanish,113,DIS,DIS,DIS
malay4.mp3,malay,4,ANG,ANG,ANG
tagalog15.mp3,tagalog,15,ANG,ANG,ANG
korean38.mp3,korean,38,DIS,DIS,DIS
english273.mp3,english,273,NEU,NEU,NEU
korean35.mp3,korean,35,HAP,HAP,HAP
tamil5.mp3,tamil,5,DIS,DIS,DIS
mandarin23.mp3,mandarin,23,ANG,ANG,ANG
english548.mp3,english,548,DIS,DIS,DIS
english374.mp3,english,374,ANG,ANG,ANG
vietnamese11.mp3,vietnamese,11,DIS,DIS,DIS
english383.mp3,english,383,ANG,ANG,ANG
bengali5.mp3,bengali,5,ANG,ANG,ANG
french49.mp3,french,49,DIS,DIS,DIS
ukrainian7.mp3,ukrainian,7,DIS,DIS,DIS
spanish136.mp3,spanish,136,DIS,DIS,DIS
polish30.mp3,polish,30,ANG,ANG,ANG
russian9.mp3,russian,9,HAP,HAP,HAP
english13.mp3,english,13,HAP,HAP,HAP
english80.mp3,english,80,ANG,ANG,ANG
thai8.mp3,thai,8,DIS,DIS,DIS
gujarati6.mp3,gujarati,6,ANG,ANG,ANG
nandi1.mp3,nandi,1,DIS,DIS,DIS
spanish50.mp3,spanish,50,DIS,DIS,DIS
danish4.mp3,danish,4,ANG,ANG,ANG
english544.mp3,english,544,HAP,HAP,HAP
french15.mp3,french,15,HAP,HAP,HAP
arabic35.mp3,arabic,35,DIS,DIS,DIS
yapese1.mp3,yapese,1,ANG,ANG,ANG
english419.mp3,english,419,HAP,HAP,HAP
farsi8.mp3,farsi,8,ANG,ANG,ANG
swedish11.mp3,swedish,11,ANG,ANG,ANG
spanish44.mp3,spanish,44,DIS,DIS,DIS
english161.mp3,english,161,DIS,DIS,DIS
hindi4.mp3,hindi,4,ANG,ANG,ANG
bambara3.mp3,bambara,3,DIS,DIS,DIS
mandarin22.mp3,mandarin,22,HAP,HAP,HAP
mandarin39.mp3,mandarin,39,HAP,HAP,HAP
german34.mp3,german,34,NEU,NEU,NEU
turkish37.mp3,turkish,37,DIS,DIS,DIS
ukrainian9.mp3,ukrainian,9,ANG,ANG,ANG
arabic36.mp3,arabic,36,DIS,DIS,DIS
bosnian7.mp3,bosnian,7,DIS,DIS,DIS
english147.mp3,english,147,ANG,ANG,ANG
czech4.mp3,czech,4,ANG,ANG,ANG
mongolian9.mp3,mongolian,9,ANG,ANG,ANG
russian4.mp3,russian,4,ANG,ANG,ANG
english148.mp3,english,148,DIS,DIS,DIS
english308.mp3,english,308,DIS,DIS,DIS
tagalog17.mp3,tagalog,17,SAD,SAD,SAD
farsi3.mp3,farsi,3,ANG,ANG,ANG
english30.mp3,english,30,HAP,HAP,HAP
portuguese14.mp3,portuguese,14,HAP,HAP,HAP
thai12.mp3,thai,12,DIS,DIS,DIS
english280.mp3,english,280,ANG,ANG,ANG
uyghur3.mp3,uyghur,3,ANG,ANG,ANG
hindi7.mp3,hindi,7,ANG,ANG,ANG
slovak1.mp3,slovak,1,ANG,ANG,ANG
english301.mp3,english,301,ANG,ANG,ANG
greek11.mp3,greek,11,ANG,ANG,ANG
urdu7.mp3,urdu,7,DIS,DIS,DIS
english371.mp3,english,371,ANG,ANG,ANG
spanish85.mp3,spanish,85,ANG,ANG,ANG
english480.mp3,english,480,DIS,DIS,DIS
spanish39.mp3,spanish,39,SAD,SAD,SAD
english550.mp3,english,550,HAP,HAP,HAP
rwanda1.mp3,rwanda,1,DIS,DIS,DIS
english372.mp3,english,372,DIS,DIS,DIS
french35.mp3,french,35,ANG,ANG,ANG
english331.mp3,english,331,ANG,ANG,ANG
krio4.mp3,krio,4,DIS,DIS,DIS
english459.mp3,english,459,DIS,DIS,DIS
pashto5.mp3,pashto,5,DIS,DIS,DIS
turkish11.mp3,turkish,11,ANG,ANG,ANG
romanian16.mp3,romanian,16,HAP,HAP,HAP
spanish4.mp3,spanish,4,HAP,HAP,HAP
yiddish3.mp3,yiddish,3,DIS,DIS,DIS
spanish147.mp3,spanish,147,DIS,DIS,DIS
danish8.mp3,danish,8,ANG,ANG,ANG
polish12.mp3,polish,12,DIS,DIS,DIS
portuguese29.mp3,portuguese,29,DIS,DIS,DIS
gujarati2.mp3,gujarati,2,ANG,ANG,ANG
kurdish6.mp3,kurdish,6,DIS,DIS,DIS
english569.mp3,english,569,ANG,ANG,ANG
spanish150.mp3,spanish,150,DIS,DIS,DIS
english140.mp3,english,140,HAP,HAP,HAP
japanese2.mp3,japanese,2,ANG,ANG,ANG
spanish93.mp3,spanish,93,ANG,ANG,ANG
english559.mp3,english,559,ANG,ANG,ANG
polish13.mp3,polish,13,DIS,DIS,DIS
english307.mp3,english,307,DIS,DIS,DIS
macedonian23.mp3,macedonian,23,ANG,ANG,ANG
russian12.mp3,russian,12,DIS,DIS,DIS
english104.mp3,english,104,ANG,ANG,ANG
english94.mp3,english,94,DIS,DIS,DIS
polish33.mp3,polish,33,DIS,DIS,DIS
arabic8.mp3,arabic,8,DIS,DIS,DIS
arabic52.mp3,arabic,52,ANG,ANG,ANG
english341.mp3,english,341,DIS,DIS,DIS
english537.mp3,english,537,DIS,DIS,DIS
spanish79.mp3,spanish,79,DIS,DIS,DIS
dutch23.mp3,dutch,23,ANG,ANG,ANG
english231.mp3,english,231,NEU,NEU,NEU
malagasy1.mp3,malagasy,1,DIS,DIS,DIS
gujarati7.mp3,gujarati,7,HAP,HAP,HAP
polish10.mp3,polish,10,ANG,ANG,ANG
kikongo1.mp3,kikongo,1,DIS,DIS,DIS
french58.mp3,french,58,DIS,DIS,DIS
mandarin59.mp3,mandarin,59,DIS,DIS,DIS
czech8.mp3,czech,8,ANG,ANG,ANG
czech1.mp3,czech,1,DIS,DIS,DIS
hindi18.mp3,hindi,18,ANG,ANG,ANG
french47.mp3,french,47,ANG,ANG,ANG
english256.mp3,english,256,DIS,DIS,DIS
papiamentu2.mp3,papiamentu,2,ANG,ANG,ANG
italian9.mp3,italian,9,ANG,ANG,ANG
tagalog5.mp3,tagalog,5,ANG,ANG,ANG
english378.mp3,english,378,DIS,DIS,DIS
korean46.mp3,korean,46,ANG,ANG,ANG
hindi8.mp3,hindi,8,DIS,DIS,DIS
kurdish3.mp3,kurdish,3,DIS,DIS,DIS
ukrainian1.mp3,ukrainian,1,DIS,DIS,DIS
english180.mp3,english,180,ANG,ANG,ANG
latvian2.mp3,latvian,2,ANG,ANG,ANG
wolof2.mp3,wolof,2,DIS,DIS,DIS
wolof4.mp3,wolof,4,DIS,DIS,DIS
english81.mp3,english,81,HAP,HAP,HAP
dutch20.mp3,dutch,20,HAP,HAP,HAP
indonesian4.mp3,indonesian,4,ANG,ANG,ANG
albanian7.mp3,albanian,7,DIS,DIS,DIS
spanish30.mp3,spanish,30,ANG,ANG,ANG
swedish5.mp3,swedish,5,DIS,DIS,DIS
hausa1.mp3,hausa,1,DIS,DIS,DIS
yoruba2.mp3,yoruba,2,ANG,ANG,ANG
dutch6.mp3,dutch,6,ANG,ANG,ANG
arabic94.mp3,arabic,94,ANG,ANG,ANG
english246.mp3,english,246,DIS,DIS,DIS
taiwanese6.mp3,taiwanese,6,DIS,DIS,DIS
hmong2.mp3,hmong,2,DIS,DIS,DIS
english73.mp3,english,73,ANG,ANG,ANG
russian23.mp3,russian,23,NEU,NEU,NEU
english8.mp3,english,8,ANG,ANG,ANG
arabic80.mp3,arabic,80,DIS,DIS,DIS
estonian3.mp3,estonian,3,DIS,DIS,DIS
macedonian20.mp3,macedonian,20,ANG,ANG,ANG
ewe2.mp3,ewe,2,NEU,NEU,NEU
italian16.mp3,italian,16,DIS,DIS,DIS
khmer2.mp3,khmer,2,DIS,DIS,DIS
japanese8.mp3,japanese,8,ANG,ANG,ANG
dutch11.mp3,dutch,11,DIS,DIS,DIS
cantonese2.mp3,cantonese,2,HAP,HAP,HAP
spanish80.mp3,spanish,80,HAP,HAP,HAP
english86.mp3,english,86,HAP,HAP,HAP
chamorro1.mp3,chamorro,1,ANG,ANG,ANG
french23.mp3,french,23,HAP,HAP,HAP
english381.mp3,english,381,DIS,DIS,DIS
romanian17.mp3,romanian,17,ANG,ANG,ANG
english282.mp3,english,282,DIS,DIS,DIS
english434.mp3,english,434,DIS,DIS,DIS
english222.mp3,english,222,DIS,DIS,DIS
russian1.mp3,russian,1,HAP,HAP,HAP
german21.mp3,german,21,ANG,ANG,ANG
dutch34.mp3,dutch,34,ANG,ANG,ANG
english367.mp3,english,367,ANG,ANG,ANG
english219.mp3,english,219,ANG,ANG,ANG
spanish51.mp3,spanish,51,DIS,DIS,DIS
arabic54.mp3,arabic,54,DIS,DIS,DIS
arabic60.mp3,arabic,60,DIS,DIS,DIS
tajiki1.mp3,tajiki,1,HAP,HAP,HAP
english470.mp3,english,470,HAP,HAP,HAP
vietnamese4.mp3,vietnamese,4,ANG,ANG,ANG
french3.mp3,french,3,HAP,HAP,HAP
twi2.mp3,twi,2,HAP,HAP,HAP
vlaams2.mp3,vlaams,2,ANG,ANG,ANG
spanish9.mp3,spanish,9,DIS,DIS,DIS
english321.mp3,english,321,DIS,DIS,DIS
ilonggo1.mp3,ilonggo,1,ANG,ANG,ANG
macedonian9.mp3,macedonian,9,ANG,ANG,ANG
portuguese7.mp3,portuguese,7,DIS,DIS,DIS
khmer3.mp3,khmer,3,DIS,DIS,DIS
german14.mp3,german,14,DIS,DIS,DIS
english535.mp3,english,535,ANG,ANG,ANG
english254.mp3,english,254,DIS,DIS,DIS
italian15.mp3,italian,15,DIS,DIS,DIS
spanish83.mp3,spanish,83,DIS,DIS,DIS
arabic68.mp3,arabic,68,DIS,DIS,DIS
icelandic2.mp3,icelandic,2,DIS,DIS,DIS
catalan3.mp3,catalan,3,HAP,HAP,HAP
english362.mp3,english,362,HAP,HAP,HAP
portuguese4.mp3,portuguese,4,ANG,ANG,ANG
tswana2.mp3,tswana,2,HAP,HAP,HAP
korean50.mp3,korean,50,DIS,DIS,DIS
english401.mp3,english,401,DIS,DIS,DIS
bulgarian1.mp3,bulgarian,1,ANG,ANG,ANG
english145.mp3,english,145,HAP,HAP,HAP
punjabi2.mp3,punjabi,2,ANG,ANG,ANG
bengali12.mp3,bengali,12,ANG,ANG,ANG
english328.mp3,english,328,ANG,ANG,ANG
english503.mp3,english,503,ANG,ANG,ANG
spanish36.mp3,spanish,36,DIS,DIS,DIS
german22.mp3,german,22,ANG,ANG,ANG
macedonian13.mp3,macedonian,13,ANG,ANG,ANG
german15.mp3,german,15,DIS,DIS,DIS
shona1.mp3,shona,1,ANG,ANG,ANG
ibibio2.mp3,ibibio,2,DIS,DIS,DIS
punjabi5.mp3,punjabi,5,ANG,ANG,ANG
english531.mp3,english,531,ANG,ANG,ANG
tibetan2.mp3,tibetan,2,ANG,ANG,ANG
bengali6.mp3,bengali,6,ANG,ANG,ANG
romanian2.mp3,romanian,2,ANG,ANG,ANG
german29.mp3,german,29,ANG,ANG,ANG
turkish21.mp3,turkish,21,ANG,ANG,ANG
french8.mp3,french,8,HAP,HAP,HAP
dutch25.mp3,dutch,25,ANG,ANG,ANG
english136.mp3,english,136,DIS,DIS,DIS
russian48.mp3,russian,48,ANG,ANG,ANG
english316.mp3,english,316,DIS,DIS,DIS
spanish156.mp3,spanish,156,ANG,ANG,ANG
sylheti1.mp3,sylheti,1,DIS,DIS,DIS
romanian7.mp3,romanian,7,DIS,DIS,DIS
german28.mp3,german,28,ANG,ANG,ANG
italian4.mp3,italian,4,ANG,ANG,ANG
english489.mp3,english,489,HAP,HAP,HAP
turkish28.mp3,turkish,28,ANG,ANG,ANG
korean8.mp3,korean,8,DIS,DIS,DIS
macedonian17.mp3,macedonian,17,ANG,ANG,ANG
english259.mp3,english,259,DIS,DIS,DIS
farsi21.mp3,farsi,21,DIS,DIS,DIS
english460.mp3,english,460,ANG,ANG,ANG
krio2.mp3,krio,2,DIS,DIS,DIS
bari1.mp3,bari,1,DIS,DIS,DIS
thai15.mp3,thai,15,ANG,ANG,ANG
spanish67.mp3,spanish,67,ANG,ANG,ANG
fijian1.mp3,fijian,1,DIS,DIS,DIS
latvian3.mp3,latvian,3,HAP,HAP,HAP
finnish4.mp3,finnish,4,ANG,ANG,ANG
greek15.mp3,greek,15,ANG,ANG,ANG
mongolian4.mp3,mongolian,4,DIS,DIS,DIS
spanish97.mp3,spanish,97,DIS,DIS,DIS
bulgarian12.mp3,bulgarian,12,ANG,ANG,ANG
english438.mp3,english,438,ANG,ANG,ANG
tigrigna5.mp3,tigrigna,5,DIS,DIS,DIS
farsi18.mp3,farsi,18,ANG,ANG,ANG
spanish107.mp3,spanish,107,DIS,DIS,DIS
english153.mp3,english,153,DIS,DIS,DIS
english154.mp3,english,154,ANG,ANG,ANG
swedish8.mp3,swedish,8,ANG,ANG,ANG
english106.mp3,english,106,DIS,DIS,DIS
tagalog7.mp3,tagalog,7,DIS,DIS,DIS
english558.mp3,english,558,DIS,DIS,DIS
english534.mp3,english,534,ANG,ANG,ANG
indonesian5.mp3,indonesian,5,HAP,HAP,HAP
punjabi3.mp3,punjabi,3,DIS,DIS,DIS
english183.mp3,english,183,DIS,DIS,DIS
japanese23.mp3,japanese,23,ANG,ANG,ANG
khmer5.mp3,khmer,5,DIS,DIS,DIS
dutch26.mp3,dutch,26,ANG,ANG,ANG
mandarin14.mp3,mandarin,14,DIS,DIS,DIS
dutch3.mp3,dutch,3,NEU,NEU,NEU
kurdish1.mp3,kurdish,1,ANG,ANG,ANG
hebrew3.mp3,hebrew,3,DIS,DIS,DIS
english292.mp3,english,292,DIS,DIS,DIS
spanish25.mp3,spanish,25,NEU,NEU,NEU
bulgarian15.mp3,bulgarian,15,DIS,DIS,DIS
polish34.mp3,polish,34,ANG,ANG,ANG
spanish139.mp3,spanish,139,DIS,DIS,DIS
spanish110.mp3,spanish,110,DIS,DIS,DIS
english72.mp3,english,72,DIS,DIS,DIS
dutch36.mp3,dutch,36,ANG,ANG,ANG
english298.mp3,english,298,ANG,ANG,ANG
wolof6.mp3,wolof,6,DIS,DIS,DIS
spanish49.mp3,spanish,49,HAP,HAP,HAP
english577.mp3,english,577,ANG,ANG,ANG
kurdish10.mp3,kurdish,10,SAD,SAD,SAD
greek10.mp3,greek,10,DIS,DIS,DIS
croatian6.mp3,croatian,6,ANG,ANG,ANG
miskito6.mp3,miskito,6,DIS,DIS,DIS
urdu13.mp3,urdu,13,ANG,ANG,ANG
turkish10.mp3,turkish,10,HAP,HAP,HAP
english143.mp3,english,143,ANG,ANG,ANG
amharic13.mp3,amharic,13,DIS,DIS,DIS
bafang1.mp3,bafang,1,ANG,ANG,ANG
italian31.mp3,italian,31,DIS,DIS,DIS
english90.mp3,english,90,DIS,DIS,DIS
english512.mp3,english,512,HAP,HAP,HAP
english212.mp3,english,212,ANG,ANG,ANG
satawalese1.mp3,satawalese,1,DIS,DIS,DIS
spanish131.mp3,spanish,131,DIS,DIS,DIS
russian42.mp3,russian,42,ANG,ANG,ANG
bambara4.mp3,bambara,4,HAP,HAP,HAP
italian21.mp3,italian,21,DIS,DIS,DIS
portuguese44.mp3,portuguese,44,ANG,ANG,ANG
english510.mp3,english,510,ANG,ANG,ANG
khmer6.mp3,khmer,6,ANG,ANG,ANG
pashto3.mp3,pashto,3,DIS,DIS,DIS
french14.mp3,french,14,ANG,ANG,ANG
serer1.mp3,serer,1,DIS,DIS,DIS
english288.mp3,english,288,ANG,ANG,ANG
slovak3.mp3,slovak,3,ANG,ANG,ANG
portuguese30.mp3,portuguese,30,HAP,HAP,HAP
bulgarian14.mp3,bulgarian,14,DIS,DIS,DIS
arabic37.mp3,arabic,37,DIS,DIS,DIS
polish2.mp3,polish,2,ANG,ANG,ANG
portuguese42.mp3,portuguese,42,DIS,DIS,DIS
english179.mp3,english,179,ANG,ANG,ANG
shan1.mp3,shan,1,ANG,ANG,ANG
korean27.mp3,korean,27,DIS,DIS,DIS
english490.mp3,english,490,DIS,DIS,DIS
spanish26.mp3,spanish,26,DIS,DIS,DIS
english562.mp3,english,562,DIS,DIS,DIS
farsi4.mp3,farsi,4,ANG,ANG,ANG
english21.mp3,english,21,HAP,HAP,HAP
farsi19.mp3,farsi,19,DIS,DIS,DIS
dari2.mp3,dari,2,DIS,DIS,DIS
urdu11.mp3,urdu,11,DIS,DIS,DIS
english297.mp3,english,297,ANG,ANG,ANG
english565.mp3,english,565,ANG,ANG,ANG
greek8.mp3,greek,8,ANG,ANG,ANG
english35.mp3,english,35,DIS,DIS,DIS
french4.mp3,french,4,DIS,DIS,DIS
english158.mp3,english,158,ANG,ANG,ANG
russian40.mp3,russian,40,DIS,DIS,DIS
belarusan1.mp3,belarusan,1,ANG,ANG,ANG
slovak5.mp3,slovak,5,HAP,HAP,HAP
english258.mp3,english,258,HAP,HAP,HAP
english151.mp3,english,151,DIS,DIS,DIS
portuguese28.mp3,portuguese,28,ANG,ANG,ANG
macedonian22.mp3,macedonian,22,ANG,ANG,ANG
english424.mp3,english,424,DIS,DIS,DIS
english479.mp3,english,479,ANG,ANG,ANG
french46.mp3,french,46,HAP,HAP,HAP
arabic20.mp3,arabic,20,DIS,DIS,DIS
newari1.mp3,newari,1,DIS,DIS,DIS
fang1.mp3,fang,1,HAP,HAP,HAP
polish4.mp3,polish,4,DIS,DIS,DIS
tagalog11.mp3,tagalog,11,ANG,ANG,ANG
english244.mp3,english,244,DIS,DIS,DIS
dari3.mp3,dari,3,DIS,DIS,DIS
english446.mp3,english,446,ANG,ANG,ANG
english344.mp3,english,344,ANG,ANG,ANG
english56.mp3,english,56,DIS,DIS,DIS
igbo3.mp3,igbo,3,DIS,DIS,DIS
arabic50.mp3,arabic,50,DIS,DIS,DIS
arabic100.mp3,arabic,100,HAP,HAP,HAP
spanish104.mp3,spanish,104,ANG,ANG,ANG
english486.mp3,english,486,ANG,ANG,ANG
english233.mp3,english,233,ANG,ANG,ANG
greek13.mp3,greek,13,ANG,ANG,ANG
english118.mp3,english,118,DIS,DIS,DIS
italian8.mp3,italian,8,HAP,HAP,HAP
romanian14.mp3,romanian,14,HAP,HAP,HAP
spanish126.mp3,spanish,126,ANG,ANG,ANG
pulaar3.mp3,pulaar,3,DIS,DIS,DIS
russian24.mp3,russian,24,DIS,DIS,DIS
vietnamese16.mp3,vietnamese,16,DIS,DIS,DIS
czech7.mp3,czech,7,HAP,HAP,HAP
vietnamese15.mp3,vietnamese,15,DIS,DIS,DIS
serbian9.mp3,serbian,9,ANG,ANG,ANG
english283.mp3,english,283,ANG,ANG,ANG
korean43.mp3,korean,43,ANG,ANG,ANG
swedish9.mp3,swedish,9,ANG,ANG,ANG
sundanese1.mp3,sundanese,1,ANG,ANG,ANG
english88.mp3,english,88,HAP,HAP,HAP
marathi3.mp3,marathi,3,ANG,ANG,ANG
english59.mp3,english,59,ANG,ANG,ANG
german3.mp3,german,3,ANG,ANG,ANG
english262.mp3,english,262,HAP,HAP,HAP
bengali10.mp3,bengali,10,ANG,ANG,ANG
korean28.mp3,korean,28,DIS,DIS,DIS
tigrigna2.mp3,tigrigna,2,ANG,ANG,ANG
pashto1.mp3,pashto,1,HAP,HAP,HAP
